asset_id,cse_id,asset_type,criticality,business_function,environment,monitoring_status
AST-CSE-001-001,CSE-001,NextGen Firewall,CRITICAL,Perimeter Defense,Production,ACTIVE
AST-CSE-001-002,CSE-001,NextGen Firewall,CRITICAL,Perimeter Defense,Production,ACTIVE
AST-CSE-001-003,CSE-001,Domain Controller (AD),CRITICAL,Identity and Access Management,Production,ACTIVE
AST-CSE-001-004,CSE-001,Core Banking Switch,CRITICAL,Payment Processing Engine,Production,ACTIVE
AST-CSE-001-005,CSE-001,Core Banking Switch,CRITICAL,Payment Processing Engine,Production,ACTIVE
AST-CSE-001-006,CSE-001,OT Engineering Workstation,CRITICAL,Substation Automation,Production,ACTIVE
AST-CSE-001-007,CSE-001,SCADA RTU / PLC,CRITICAL,Industrial Control Gateway,Production,ACTIVE
AST-CSE-001-008,CSE-001,SCADA RTU / PLC,CRITICAL,Industrial Control Gateway,Production,ACTIVE
AST-CSE-001-009,CSE-001,Core Banking Switch,CRITICAL,Payment Processing Engine,Production,ACTIVE
AST-CSE-001-010,CSE-001,NextGen Firewall,CRITICAL,Perimeter Defense,Production,ACTIVE
AST-CSE-001-011,CSE-001,NextGen Firewall,CRITICAL,Perimeter Defense,Production,ACTIVE
AST-CSE-001-012,CSE-001,SCADA RTU / PLC,CRITICAL,Industrial Control Gateway,Production,ACTIVE
AST-CSE-001-013,CSE-001,NextGen Firewall,CRITICAL,Perimeter Defense,Production,ACTIVE
AST-CSE-001-014,CSE-001,OT Engineering Workstation,CRITICAL,Substation Automation,Production,ACTIVE
AST-CSE-001-015,CSE-001,NextGen Firewall,CRITICAL,Perimeter Defense,Production,ACTIVE
AST-CSE-001-016,CSE-001,SIEM Collector Node,CRITICAL,Telemetry Aggregation,Production,ACTIVE
AST-CSE-001-017,CSE-001,Relational Database Server,CRITICAL,Transactional Database,Production,ACTIVE
AST-CSE-001-018,CSE-001,SCADA RTU / PLC,CRITICAL,Industrial Control Gateway,Production,ACTIVE
AST-CSE-001-019,CSE-001,Domain Controller (AD),CRITICAL,Identity and Access Management,Production,ACTIVE
AST-CSE-001-020,CSE-001,OT Engineering Workstation,CRITICAL,Substation Automation,Production,ACTIVE
AST-CSE-001-021,CSE-001,Web Application Server,CRITICAL,Customer Portal,Production,ACTIVE
AST-CSE-001-022,CSE-001,Relational Database Server,CRITICAL,Transactional Database,Production,ACTIVE
AST-CSE-001-023,CSE-001,Domain Controller (AD),HIGH,Identity and Access Management,Production,ACTIVE
AST-CSE-001-024,CSE-001,NextGen Firewall,HIGH,Perimeter Defense,Production,ACTIVE
AST-CSE-001-025,CSE-001,Web Application Server,HIGH,Customer Portal,Production,ACTIVE
AST-CSE-001-026,CSE-001,Core Banking Switch,HIGH,Payment Processing Engine,Production,ACTIVE
AST-CSE-001-027,CSE-001,Core Banking Switch,HIGH,Payment Processing Engine,Production,ACTIVE
AST-CSE-001-028,CSE-001,OT Engineering Workstation,HIGH,Substation Automation,Production,ACTIVE
AST-CSE-001-029,CSE-001,Core Banking Switch,HIGH,Payment Processing Engine,Production,ACTIVE
AST-CSE-001-030,CSE-001,Web Application Server,HIGH,Customer Portal,Production,ACTIVE
AST-CSE-001-031,CSE-001,Web Application Server,HIGH,Customer Portal,Production,ACTIVE
AST-CSE-001-032,CSE-001,Relational Database Server,HIGH,Transactional Database,Production,ACTIVE
AST-CSE-001-033,CSE-001,SCADA RTU / PLC,HIGH,Industrial Control Gateway,Production,ACTIVE
AST-CSE-001-034,CSE-001,SIEM Collector Node,HIGH,Telemetry Aggregation,Production,ACTIVE
AST-CSE-001-035,CSE-001,Core Banking Switch,HIGH,Payment Processing Engine,Production,ACTIVE
AST-CSE-001-036,CSE-001,OT Engineering Workstation,HIGH,Substation Automation,Production,ACTIVE
AST-CSE-001-037,CSE-001,Core Banking Switch,HIGH,Payment Processing Engine,Production,ACTIVE
AST-CSE-001-038,CSE-001,Relational Database Server,HIGH,Transactional Database,Production,ACTIVE
AST-CSE-001-039,CSE-001,Web Application Server,HIGH,Customer Portal,Production,ACTIVE
AST-CSE-001-040,CSE-001,NextGen Firewall,HIGH,Perimeter Defense,Production,ACTIVE
AST-CSE-001-041,CSE-001,Core Banking Switch,HIGH,Payment Processing Engine,Production,ACTIVE
AST-CSE-001-042,CSE-001,SCADA RTU / PLC,HIGH,Industrial Control Gateway,Production,ACTIVE
AST-CSE-001-043,CSE-001,NextGen Firewall,HIGH,Perimeter Defense,Production,ACTIVE
AST-CSE-001-044,CSE-001,Relational Database Server,HIGH,Transactional Database,Production,ACTIVE
AST-CSE-001-045,CSE-001,Core Banking Switch,HIGH,Payment Processing Engine,Production,ACTIVE
AST-CSE-001-046,CSE-001,NextGen Firewall,HIGH,Perimeter Defense,Production,ACTIVE
AST-CSE-001-047,CSE-001,Core Banking Switch,HIGH,Payment Processing Engine,Production,ACTIVE
AST-CSE-001-048,CSE-001,OT Engineering Workstation,HIGH,Substation Automation,Production,ACTIVE
AST-CSE-001-049,CSE-001,Relational Database Server,HIGH,Transactional Database,Production,ACTIVE
AST-CSE-001-050,CSE-001,SIEM Collector Node,HIGH,Telemetry Aggregation,Production,ACTIVE
AST-CSE-001-051,CSE-001,Web Application Server,HIGH,Customer Portal,Production,ACTIVE
AST-CSE-001-052,CSE-001,Domain Controller (AD),HIGH,Identity and Access Management,Production,ACTIVE
AST-CSE-001-053,CSE-001,Web Application Server,LOW,Customer Portal,Production,ACTIVE
AST-CSE-001-054,CSE-001,Relational Database Server,MEDIUM,Transactional Database,DR,ACTIVE
AST-CSE-001-055,CSE-001,Domain Controller (AD),MEDIUM,Identity and Access Management,Production,ACTIVE
AST-CSE-001-056,CSE-001,SIEM Collector Node,LOW,Telemetry Aggregation,Staging,ACTIVE
AST-CSE-001-057,CSE-001,NextGen Firewall,LOW,Perimeter Defense,Production,ACTIVE
AST-CSE-001-058,CSE-001,NextGen Firewall,MEDIUM,Perimeter Defense,Staging,ACTIVE
AST-CSE-001-059,CSE-001,OT Engineering Workstation,LOW,Substation Automation,Production,ACTIVE
AST-CSE-001-060,CSE-001,NextGen Firewall,LOW,Perimeter Defense,Production,ACTIVE
AST-CSE-001-061,CSE-001,SIEM Collector Node,LOW,Telemetry Aggregation,DR,ACTIVE
AST-CSE-001-062,CSE-001,SIEM Collector Node,MEDIUM,Telemetry Aggregation,Staging,ACTIVE
AST-CSE-001-063,CSE-001,Domain Controller (AD),MEDIUM,Identity and Access Management,DR,ACTIVE
AST-CSE-001-064,CSE-001,Relational Database Server,LOW,Transactional Database,DR,ACTIVE
AST-CSE-001-065,CSE-001,OT Engineering Workstation,LOW,Substation Automation,Production,ACTIVE
AST-CSE-001-066,CSE-001,Domain Controller (AD),LOW,Identity and Access Management,Production,ACTIVE
AST-CSE-001-067,CSE-001,SCADA RTU / PLC,MEDIUM,Industrial Control Gateway,Production,ACTIVE
AST-CSE-001-068,CSE-001,Domain Controller (AD),LOW,Identity and Access Management,DR,ACTIVE
AST-CSE-001-069,CSE-001,Core Banking Switch,LOW,Payment Processing Engine,Staging,ACTIVE
AST-CSE-001-070,CSE-001,SIEM Collector Node,LOW,Telemetry Aggregation,DR,ACTIVE
AST-CSE-001-071,CSE-001,SCADA RTU / PLC,MEDIUM,Industrial Control Gateway,DR,ACTIVE
AST-CSE-001-072,CSE-001,Relational Database Server,LOW,Transactional Database,Production,ACTIVE
AST-CSE-001-073,CSE-001,Relational Database Server,LOW,Transactional Database,Production,ACTIVE
AST-CSE-001-074,CSE-001,SIEM Collector Node,MEDIUM,Telemetry Aggregation,DR,ACTIVE
AST-CSE-001-075,CSE-001,Relational Database Server,MEDIUM,Transactional Database,DR,ACTIVE
AST-CSE-001-076,CSE-001,Core Banking Switch,LOW,Payment Processing Engine,DR,ACTIVE
AST-CSE-001-077,CSE-001,NextGen Firewall,MEDIUM,Perimeter Defense,Staging,ACTIVE
AST-CSE-001-078,CSE-001,Domain Controller (AD),MEDIUM,Identity and Access Management,DR,ACTIVE
AST-CSE-001-079,CSE-001,Web Application Server,LOW,Customer Portal,Production,ACTIVE
AST-CSE-001-080,CSE-001,Core Banking Switch,LOW,Payment Processing Engine,Staging,ACTIVE
AST-CSE-002-001,CSE-002,Core Banking Switch,CRITICAL,Payment Processing Engine,Production,ACTIVE
AST-CSE-002-002,CSE-002,Core Banking Switch,CRITICAL,Payment Processing Engine,Production,ACTIVE
AST-CSE-002-003,CSE-002,SCADA RTU / PLC,CRITICAL,Industrial Control Gateway,Production,ACTIVE
AST-CSE-002-004,CSE-002,NextGen Firewall,CRITICAL,Perimeter Defense,Production,ACTIVE
AST-CSE-002-005,CSE-002,SCADA RTU / PLC,CRITICAL,Industrial Control Gateway,Production,ACTIVE
AST-CSE-002-006,CSE-002,OT Engineering Workstation,CRITICAL,Substation Automation,Production,ACTIVE
AST-CSE-002-007,CSE-002,NextGen Firewall,CRITICAL,Perimeter Defense,Production,ACTIVE
AST-CSE-002-008,CSE-002,Core Banking Switch,CRITICAL,Payment Processing Engine,Production,ACTIVE
AST-CSE-002-009,CSE-002,SIEM Collector Node,CRITICAL,Telemetry Aggregation,Production,ACTIVE
AST-CSE-002-010,CSE-002,OT Engineering Workstation,CRITICAL,Substation Automation,Production,ACTIVE
AST-CSE-002-011,CSE-002,Relational Database Server,CRITICAL,Transactional Database,Production,ACTIVE
AST-CSE-002-012,CSE-002,Core Banking Switch,CRITICAL,Payment Processing Engine,Production,ACTIVE
AST-CSE-002-013,CSE-002,SIEM Collector Node,CRITICAL,Telemetry Aggregation,Production,ACTIVE
AST-CSE-002-014,CSE-002,Domain Controller (AD),CRITICAL,Identity and Access Management,Production,ACTIVE
AST-CSE-002-015,CSE-002,OT Engineering Workstation,HIGH,Substation Automation,Production,ACTIVE
AST-CSE-002-016,CSE-002,SCADA RTU / PLC,HIGH,Industrial Control Gateway,Production,ACTIVE
AST-CSE-002-017,CSE-002,SCADA RTU / PLC,HIGH,Industrial Control Gateway,Production,ACTIVE
AST-CSE-002-018,CSE-002,Core Banking Switch,HIGH,Payment Processing Engine,Production,ACTIVE
AST-CSE-002-019,CSE-002,Web Application Server,HIGH,Customer Portal,Production,ACTIVE
AST-CSE-002-020,CSE-002,SIEM Collector Node,HIGH,Telemetry Aggregation,Production,ACTIVE
AST-CSE-002-021,CSE-002,Core Banking Switch,HIGH,Payment Processing Engine,Production,ACTIVE
AST-CSE-002-022,CSE-002,Domain Controller (AD),HIGH,Identity and Access Management,Production,ACTIVE
AST-CSE-002-023,CSE-002,SCADA RTU / PLC,HIGH,Industrial Control Gateway,Production,ACTIVE
AST-CSE-002-024,CSE-002,Core Banking Switch,HIGH,Payment Processing Engine,Production,ACTIVE
AST-CSE-002-025,CSE-002,Web Application Server,HIGH,Customer Portal,Production,ACTIVE
AST-CSE-002-026,CSE-002,SCADA RTU / PLC,HIGH,Industrial Control Gateway,Production,ACTIVE
AST-CSE-002-027,CSE-002,SIEM Collector Node,HIGH,Telemetry Aggregation,Production,ACTIVE
AST-CSE-002-028,CSE-002,Core Banking Switch,HIGH,Payment Processing Engine,Production,ACTIVE
AST-CSE-002-029,CSE-002,NextGen Firewall,HIGH,Perimeter Defense,Production,ACTIVE
AST-CSE-002-030,CSE-002,SCADA RTU / PLC,HIGH,Industrial Control Gateway,Production,ACTIVE
AST-CSE-002-031,CSE-002,OT Engineering Workstation,HIGH,Substation Automation,Production,ACTIVE
AST-CSE-002-032,CSE-002,SIEM Collector Node,HIGH,Telemetry Aggregation,Production,ACTIVE
AST-CSE-002-033,CSE-002,Core Banking Switch,HIGH,Payment Processing Engine,Production,ACTIVE
AST-CSE-002-034,CSE-002,NextGen Firewall,MEDIUM,Perimeter Defense,Staging,ACTIVE
AST-CSE-002-035,CSE-002,NextGen Firewall,LOW,Perimeter Defense,Production,ACTIVE
AST-CSE-002-036,CSE-002,SCADA RTU / PLC,LOW,Industrial Control Gateway,Staging,ACTIVE
AST-CSE-002-037,CSE-002,Relational Database Server,LOW,Transactional Database,Staging,ACTIVE
AST-CSE-002-038,CSE-002,NextGen Firewall,LOW,Perimeter Defense,Production,ACTIVE
AST-CSE-002-039,CSE-002,Core Banking Switch,MEDIUM,Payment Processing Engine,Production,ACTIVE
AST-CSE-002-040,CSE-002,SCADA RTU / PLC,LOW,Industrial Control Gateway,Production,ACTIVE
AST-CSE-002-041,CSE-002,Web Application Server,LOW,Customer Portal,Staging,ACTIVE
AST-CSE-002-042,CSE-002,OT Engineering Workstation,LOW,Substation Automation,DR,ACTIVE
AST-CSE-002-043,CSE-002,Relational Database Server,LOW,Transactional Database,Production,ACTIVE
AST-CSE-002-044,CSE-002,NextGen Firewall,MEDIUM,Perimeter Defense,DR,ACTIVE
AST-CSE-002-045,CSE-002,SCADA RTU / PLC,LOW,Industrial Control Gateway,Production,ACTIVE
AST-CSE-002-046,CSE-002,NextGen Firewall,LOW,Perimeter Defense,Production,ACTIVE
AST-CSE-002-047,CSE-002,SIEM Collector Node,LOW,Telemetry Aggregation,Staging,ACTIVE
AST-CSE-002-048,CSE-002,OT Engineering Workstation,LOW,Substation Automation,Production,ACTIVE
AST-CSE-002-049,CSE-002,Core Banking Switch,LOW,Payment Processing Engine,DR,ACTIVE
AST-CSE-002-050,CSE-002,Core Banking Switch,MEDIUM,Payment Processing Engine,Production,ACTIVE
AST-CSE-002-051,CSE-002,SIEM Collector Node,MEDIUM,Telemetry Aggregation,Production,ACTIVE
AST-CSE-002-052,CSE-002,SCADA RTU / PLC,LOW,Industrial Control Gateway,Staging,ACTIVE
AST-CSE-003-001,CSE-003,SIEM Collector Node,CRITICAL,Telemetry Aggregation,Production,ACTIVE
AST-CSE-003-002,CSE-003,Relational Database Server,CRITICAL,Transactional Database,Production,ACTIVE
AST-CSE-003-003,CSE-003,Domain Controller (AD),CRITICAL,Identity and Access Management,Production,ACTIVE
AST-CSE-003-004,CSE-003,Web Application Server,CRITICAL,Customer Portal,Production,ACTIVE
AST-CSE-003-005,CSE-003,SCADA RTU / PLC,CRITICAL,Industrial Control Gateway,Production,ACTIVE
AST-CSE-003-006,CSE-003,SCADA RTU / PLC,CRITICAL,Industrial Control Gateway,Production,ACTIVE
AST-CSE-003-007,CSE-003,SIEM Collector Node,CRITICAL,Telemetry Aggregation,Production,ACTIVE
AST-CSE-003-008,CSE-003,Web Application Server,CRITICAL,Customer Portal,Production,ACTIVE
AST-CSE-003-009,CSE-003,Core Banking Switch,CRITICAL,Payment Processing Engine,Production,ACTIVE
AST-CSE-003-010,CSE-003,OT Engineering Workstation,CRITICAL,Substation Automation,Production,ACTIVE
AST-CSE-003-011,CSE-003,SIEM Collector Node,CRITICAL,Telemetry Aggregation,Production,ACTIVE
AST-CSE-003-012,CSE-003,Relational Database Server,CRITICAL,Transactional Database,Production,ACTIVE
AST-CSE-003-013,CSE-003,OT Engineering Workstation,CRITICAL,Substation Automation,Production,ACTIVE
AST-CSE-003-014,CSE-003,SIEM Collector Node,CRITICAL,Telemetry Aggregation,Production,ACTIVE
AST-CSE-003-015,CSE-003,NextGen Firewall,CRITICAL,Perimeter Defense,Production,ACTIVE
AST-CSE-003-016,CSE-003,Web Application Server,CRITICAL,Customer Portal,Production,ACTIVE
AST-CSE-003-017,CSE-003,Core Banking Switch,CRITICAL,Payment Processing Engine,Production,ACTIVE
AST-CSE-003-018,CSE-003,Domain Controller (AD),CRITICAL,Identity and Access Management,Production,ACTIVE
AST-CSE-003-019,CSE-003,Core Banking Switch,CRITICAL,Payment Processing Engine,Production,ACTIVE
AST-CSE-003-020,CSE-003,SIEM Collector Node,CRITICAL,Telemetry Aggregation,Production,ACTIVE
AST-CSE-003-021,CSE-003,SIEM Collector Node,CRITICAL,Telemetry Aggregation,Production,ACTIVE
AST-CSE-003-022,CSE-003,Relational Database Server,HIGH,Transactional Database,Production,ACTIVE
AST-CSE-003-023,CSE-003,SIEM Collector Node,HIGH,Telemetry Aggregation,Production,ACTIVE
AST-CSE-003-024,CSE-003,Relational Database Server,HIGH,Transactional Database,Production,ACTIVE
AST-CSE-003-025,CSE-003,SIEM Collector Node,HIGH,Telemetry Aggregation,Production,ACTIVE
AST-CSE-003-026,CSE-003,SIEM Collector Node,HIGH,Telemetry Aggregation,Production,ACTIVE
AST-CSE-003-027,CSE-003,NextGen Firewall,HIGH,Perimeter Defense,Production,ACTIVE
AST-CSE-003-028,CSE-003,Web Application Server,HIGH,Customer Portal,Production,ACTIVE
AST-CSE-003-029,CSE-003,Web Application Server,HIGH,Customer Portal,Production,ACTIVE
AST-CSE-003-030,CSE-003,Relational Database Server,HIGH,Transactional Database,Production,ACTIVE
AST-CSE-003-031,CSE-003,NextGen Firewall,HIGH,Perimeter Defense,Production,ACTIVE
AST-CSE-003-032,CSE-003,NextGen Firewall,HIGH,Perimeter Defense,Production,ACTIVE
AST-CSE-003-033,CSE-003,Web Application Server,HIGH,Customer Portal,Production,ACTIVE
AST-CSE-003-034,CSE-003,OT Engineering Workstation,HIGH,Substation Automation,Production,ACTIVE
AST-CSE-003-035,CSE-003,SIEM Collector Node,HIGH,Telemetry Aggregation,Production,ACTIVE
AST-CSE-003-036,CSE-003,Core Banking Switch,HIGH,Payment Processing Engine,Production,ACTIVE
AST-CSE-003-037,CSE-003,Domain Controller (AD),HIGH,Identity and Access Management,Production,ACTIVE
AST-CSE-003-038,CSE-003,Web Application Server,HIGH,Customer Portal,Production,ACTIVE
AST-CSE-003-039,CSE-003,Domain Controller (AD),HIGH,Identity and Access Management,Production,ACTIVE
AST-CSE-003-040,CSE-003,SCADA RTU / PLC,HIGH,Industrial Control Gateway,Production,ACTIVE
AST-CSE-003-041,CSE-003,Core Banking Switch,HIGH,Payment Processing Engine,Production,ACTIVE
AST-CSE-003-042,CSE-003,NextGen Firewall,HIGH,Perimeter Defense,Production,ACTIVE
AST-CSE-003-043,CSE-003,SCADA RTU / PLC,HIGH,Industrial Control Gateway,Production,ACTIVE
AST-CSE-003-044,CSE-003,OT Engineering Workstation,HIGH,Substation Automation,Production,ACTIVE
AST-CSE-003-045,CSE-003,Relational Database Server,HIGH,Transactional Database,Production,ACTIVE
AST-CSE-003-046,CSE-003,OT Engineering Workstation,HIGH,Substation Automation,Production,ACTIVE
AST-CSE-003-047,CSE-003,Core Banking Switch,HIGH,Payment Processing Engine,Production,ACTIVE
AST-CSE-003-048,CSE-003,Domain Controller (AD),HIGH,Identity and Access Management,Production,ACTIVE
AST-CSE-003-049,CSE-003,OT Engineering Workstation,LOW,Substation Automation,Production,ACTIVE
AST-CSE-003-050,CSE-003,Core Banking Switch,LOW,Payment Processing Engine,DR,ACTIVE
AST-CSE-003-051,CSE-003,NextGen Firewall,MEDIUM,Perimeter Defense,Staging,ACTIVE
AST-CSE-003-052,CSE-003,NextGen Firewall,MEDIUM,Perimeter Defense,Production,ACTIVE
AST-CSE-003-053,CSE-003,Core Banking Switch,MEDIUM,Payment Processing Engine,DR,ACTIVE
AST-CSE-003-054,CSE-003,SIEM Collector Node,MEDIUM,Telemetry Aggregation,Production,ACTIVE
AST-CSE-003-055,CSE-003,Web Application Server,LOW,Customer Portal,DR,ACTIVE
AST-CSE-003-056,CSE-003,Domain Controller (AD),LOW,Identity and Access Management,Staging,ACTIVE
AST-CSE-003-057,CSE-003,NextGen Firewall,MEDIUM,Perimeter Defense,Staging,ACTIVE
AST-CSE-003-058,CSE-003,Web Application Server,MEDIUM,Customer Portal,Staging,ACTIVE
AST-CSE-003-059,CSE-003,Domain Controller (AD),MEDIUM,Identity and Access Management,Production,ACTIVE
AST-CSE-003-060,CSE-003,Relational Database Server,LOW,Transactional Database,Staging,ACTIVE
AST-CSE-003-061,CSE-003,SIEM Collector Node,MEDIUM,Telemetry Aggregation,Production,ACTIVE
AST-CSE-003-062,CSE-003,Domain Controller (AD),MEDIUM,Identity and Access Management,Staging,ACTIVE
AST-CSE-003-063,CSE-003,NextGen Firewall,LOW,Perimeter Defense,DR,ACTIVE
AST-CSE-003-064,CSE-003,Web Application Server,MEDIUM,Customer Portal,Staging,ACTIVE
AST-CSE-003-065,CSE-003,NextGen Firewall,MEDIUM,Perimeter Defense,Production,ACTIVE
AST-CSE-003-066,CSE-003,Domain Controller (AD),MEDIUM,Identity and Access Management,Production,ACTIVE
AST-CSE-003-067,CSE-003,SIEM Collector Node,LOW,Telemetry Aggregation,DR,ACTIVE
AST-CSE-003-068,CSE-003,OT Engineering Workstation,LOW,Substation Automation,Production,ACTIVE
AST-CSE-003-069,CSE-003,NextGen Firewall,LOW,Perimeter Defense,DR,ACTIVE
AST-CSE-003-070,CSE-003,SIEM Collector Node,LOW,Telemetry Aggregation,DR,ACTIVE
AST-CSE-003-071,CSE-003,SCADA RTU / PLC,LOW,Industrial Control Gateway,Staging,ACTIVE
AST-CSE-003-072,CSE-003,SIEM Collector Node,LOW,Telemetry Aggregation,DR,ACTIVE
AST-CSE-003-073,CSE-003,SIEM Collector Node,MEDIUM,Telemetry Aggregation,Staging,ACTIVE
AST-CSE-003-074,CSE-003,Relational Database Server,MEDIUM,Transactional Database,Production,ACTIVE
AST-CSE-003-075,CSE-003,Domain Controller (AD),LOW,Identity and Access Management,Production,ACTIVE
AST-CSE-004-001,CSE-004,NextGen Firewall,CRITICAL,Perimeter Defense,Production,ACTIVE
AST-CSE-004-002,CSE-004,Core Banking Switch,CRITICAL,Payment Processing Engine,Production,ACTIVE
AST-CSE-004-003,CSE-004,SIEM Collector Node,CRITICAL,Telemetry Aggregation,Production,ACTIVE
AST-CSE-004-004,CSE-004,Domain Controller (AD),CRITICAL,Identity and Access Management,Production,ACTIVE
AST-CSE-004-005,CSE-004,SIEM Collector Node,CRITICAL,Telemetry Aggregation,Production,ACTIVE
AST-CSE-004-006,CSE-004,Core Banking Switch,CRITICAL,Payment Processing Engine,Production,ACTIVE
AST-CSE-004-007,CSE-004,Web Application Server,CRITICAL,Customer Portal,Production,ACTIVE
AST-CSE-004-008,CSE-004,Relational Database Server,CRITICAL,Transactional Database,Production,ACTIVE
AST-CSE-004-009,CSE-004,NextGen Firewall,CRITICAL,Perimeter Defense,Production,ACTIVE
AST-CSE-004-010,CSE-004,OT Engineering Workstation,CRITICAL,Substation Automation,Production,ACTIVE
AST-CSE-004-011,CSE-004,Domain Controller (AD),CRITICAL,Identity and Access Management,Production,ACTIVE
AST-CSE-004-012,CSE-004,Core Banking Switch,CRITICAL,Payment Processing Engine,Production,ACTIVE
AST-CSE-004-013,CSE-004,NextGen Firewall,CRITICAL,Perimeter Defense,Production,ACTIVE
AST-CSE-004-014,CSE-004,Relational Database Server,CRITICAL,Transactional Database,Production,ACTIVE
AST-CSE-004-015,CSE-004,Core Banking Switch,CRITICAL,Payment Processing Engine,Production,ACTIVE
AST-CSE-004-016,CSE-004,NextGen Firewall,CRITICAL,Perimeter Defense,Production,ACTIVE
AST-CSE-004-017,CSE-004,Web Application Server,CRITICAL,Customer Portal,Production,ACTIVE
AST-CSE-004-018,CSE-004,SCADA RTU / PLC,CRITICAL,Industrial Control Gateway,Production,ACTIVE
AST-CSE-004-019,CSE-004,NextGen Firewall,CRITICAL,Perimeter Defense,Production,ACTIVE
AST-CSE-004-020,CSE-004,NextGen Firewall,CRITICAL,Perimeter Defense,Production,ACTIVE
AST-CSE-004-021,CSE-004,Relational Database Server,CRITICAL,Transactional Database,Production,ACTIVE
AST-CSE-004-022,CSE-004,OT Engineering Workstation,CRITICAL,Substation Automation,Production,ACTIVE
AST-CSE-004-023,CSE-004,SCADA RTU / PLC,CRITICAL,Industrial Control Gateway,Production,ACTIVE
AST-CSE-004-024,CSE-004,SIEM Collector Node,CRITICAL,Telemetry Aggregation,Production,ACTIVE
AST-CSE-004-025,CSE-004,Relational Database Server,CRITICAL,Transactional Database,Production,ACTIVE
AST-CSE-004-026,CSE-004,OT Engineering Workstation,CRITICAL,Substation Automation,Production,ACTIVE
AST-CSE-004-027,CSE-004,SIEM Collector Node,HIGH,Telemetry Aggregation,Production,ACTIVE
AST-CSE-004-028,CSE-004,Web Application Server,HIGH,Customer Portal,Production,ACTIVE
AST-CSE-004-029,CSE-004,SIEM Collector Node,HIGH,Telemetry Aggregation,Production,ACTIVE
AST-CSE-004-030,CSE-004,Relational Database Server,HIGH,Transactional Database,Production,ACTIVE
AST-CSE-004-031,CSE-004,Relational Database Server,HIGH,Transactional Database,Production,ACTIVE
AST-CSE-004-032,CSE-004,OT Engineering Workstation,HIGH,Substation Automation,Production,ACTIVE
AST-CSE-004-033,CSE-004,Web Application Server,HIGH,Customer Portal,Production,ACTIVE
AST-CSE-004-034,CSE-004,Relational Database Server,HIGH,Transactional Database,Production,ACTIVE
AST-CSE-004-035,CSE-004,Relational Database Server,HIGH,Transactional Database,Production,ACTIVE
AST-CSE-004-036,CSE-004,Domain Controller (AD),HIGH,Identity and Access Management,Production,ACTIVE
AST-CSE-004-037,CSE-004,Core Banking Switch,HIGH,Payment Processing Engine,Production,ACTIVE
AST-CSE-004-038,CSE-004,SIEM Collector Node,HIGH,Telemetry Aggregation,Production,ACTIVE
AST-CSE-004-039,CSE-004,NextGen Firewall,HIGH,Perimeter Defense,Production,ACTIVE
AST-CSE-004-040,CSE-004,Domain Controller (AD),HIGH,Identity and Access Management,Production,ACTIVE
AST-CSE-004-041,CSE-004,Core Banking Switch,HIGH,Payment Processing Engine,Production,ACTIVE
AST-CSE-004-042,CSE-004,Domain Controller (AD),HIGH,Identity and Access Management,Production,ACTIVE
AST-CSE-004-043,CSE-004,Web Application Server,HIGH,Customer Portal,Production,ACTIVE
AST-CSE-004-044,CSE-004,Web Application Server,HIGH,Customer Portal,Production,ACTIVE
AST-CSE-004-045,CSE-004,SIEM Collector Node,HIGH,Telemetry Aggregation,Production,ACTIVE
AST-CSE-004-046,CSE-004,SIEM Collector Node,HIGH,Telemetry Aggregation,Production,ACTIVE
AST-CSE-004-047,CSE-004,Relational Database Server,HIGH,Transactional Database,Production,ACTIVE
AST-CSE-004-048,CSE-004,SCADA RTU / PLC,HIGH,Industrial Control Gateway,Production,ACTIVE
AST-CSE-004-049,CSE-004,Web Application Server,HIGH,Customer Portal,Production,ACTIVE
AST-CSE-004-050,CSE-004,SCADA RTU / PLC,HIGH,Industrial Control Gateway,Production,ACTIVE
AST-CSE-004-051,CSE-004,NextGen Firewall,HIGH,Perimeter Defense,Production,ACTIVE
AST-CSE-004-052,CSE-004,Core Banking Switch,HIGH,Payment Processing Engine,Production,ACTIVE
AST-CSE-004-053,CSE-004,Web Application Server,HIGH,Customer Portal,Production,ACTIVE
AST-CSE-004-054,CSE-004,Core Banking Switch,HIGH,Payment Processing Engine,Production,ACTIVE
AST-CSE-004-055,CSE-004,NextGen Firewall,HIGH,Perimeter Defense,Production,ACTIVE
AST-CSE-004-056,CSE-004,Relational Database Server,HIGH,Transactional Database,Production,ACTIVE
AST-CSE-004-057,CSE-004,OT Engineering Workstation,HIGH,Substation Automation,Production,ACTIVE
AST-CSE-004-058,CSE-004,Web Application Server,HIGH,Customer Portal,Production,ACTIVE
AST-CSE-004-059,CSE-004,SCADA RTU / PLC,HIGH,Industrial Control Gateway,Production,ACTIVE
AST-CSE-004-060,CSE-004,OT Engineering Workstation,HIGH,Substation Automation,Production,ACTIVE
AST-CSE-004-061,CSE-004,Web Application Server,HIGH,Customer Portal,Production,ACTIVE
AST-CSE-004-062,CSE-004,OT Engineering Workstation,LOW,Substation Automation,DR,ACTIVE
AST-CSE-004-063,CSE-004,NextGen Firewall,LOW,Perimeter Defense,Staging,ACTIVE
AST-CSE-004-064,CSE-004,Relational Database Server,LOW,Transactional Database,Staging,ACTIVE
AST-CSE-004-065,CSE-004,Core Banking Switch,MEDIUM,Payment Processing Engine,Staging,ACTIVE
AST-CSE-004-066,CSE-004,Core Banking Switch,MEDIUM,Payment Processing Engine,Staging,ACTIVE
AST-CSE-004-067,CSE-004,NextGen Firewall,MEDIUM,Perimeter Defense,Staging,ACTIVE
AST-CSE-004-068,CSE-004,Core Banking Switch,MEDIUM,Payment Processing Engine,Staging,ACTIVE
AST-CSE-004-069,CSE-004,Web Application Server,LOW,Customer Portal,Production,ACTIVE
AST-CSE-004-070,CSE-004,SIEM Collector Node,LOW,Telemetry Aggregation,Staging,ACTIVE
AST-CSE-004-071,CSE-004,Web Application Server,LOW,Customer Portal,Production,ACTIVE
AST-CSE-004-072,CSE-004,SCADA RTU / PLC,LOW,Industrial Control Gateway,Staging,ACTIVE
AST-CSE-004-073,CSE-004,SCADA RTU / PLC,MEDIUM,Industrial Control Gateway,DR,ACTIVE
AST-CSE-004-074,CSE-004,NextGen Firewall,MEDIUM,Perimeter Defense,Staging,ACTIVE
AST-CSE-004-075,CSE-004,SIEM Collector Node,LOW,Telemetry Aggregation,Staging,ACTIVE
AST-CSE-004-076,CSE-004,Relational Database Server,LOW,Transactional Database,Production,ACTIVE
AST-CSE-004-077,CSE-004,SCADA RTU / PLC,LOW,Industrial Control Gateway,Production,ACTIVE
AST-CSE-004-078,CSE-004,SIEM Collector Node,MEDIUM,Telemetry Aggregation,DR,ACTIVE
AST-CSE-004-079,CSE-004,Core Banking Switch,MEDIUM,Payment Processing Engine,DR,ACTIVE
AST-CSE-004-080,CSE-004,SCADA RTU / PLC,MEDIUM,Industrial Control Gateway,Production,ACTIVE
AST-CSE-004-081,CSE-004,Relational Database Server,MEDIUM,Transactional Database,DR,ACTIVE
AST-CSE-004-082,CSE-004,NextGen Firewall,LOW,Perimeter Defense,DR,ACTIVE
AST-CSE-004-083,CSE-004,Domain Controller (AD),LOW,Identity and Access Management,DR,ACTIVE
AST-CSE-004-084,CSE-004,Core Banking Switch,LOW,Payment Processing Engine,Production,ACTIVE
AST-CSE-004-085,CSE-004,Domain Controller (AD),MEDIUM,Identity and Access Management,Production,ACTIVE
AST-CSE-004-086,CSE-004,Core Banking Switch,MEDIUM,Payment Processing Engine,Staging,ACTIVE
AST-CSE-004-087,CSE-004,OT Engineering Workstation,LOW,Substation Automation,Staging,ACTIVE
AST-CSE-004-088,CSE-004,OT Engineering Workstation,LOW,Substation Automation,Production,ACTIVE
AST-CSE-004-089,CSE-004,Relational Database Server,LOW,Transactional Database,DR,ACTIVE
AST-CSE-004-090,CSE-004,SIEM Collector Node,LOW,Telemetry Aggregation,DR,ACTIVE
AST-CSE-004-091,CSE-004,Relational Database Server,LOW,Transactional Database,DR,ACTIVE
AST-CSE-004-092,CSE-004,SIEM Collector Node,LOW,Telemetry Aggregation,Staging,ACTIVE
AST-CSE-004-093,CSE-004,SIEM Collector Node,MEDIUM,Telemetry Aggregation,Production,ACTIVE
AST-CSE-004-094,CSE-004,Relational Database Server,MEDIUM,Transactional Database,Staging,ACTIVE
AST-CSE-005-001,CSE-005,OT Engineering Workstation,CRITICAL,Substation Automation,Production,ACTIVE
AST-CSE-005-002,CSE-005,SCADA RTU / PLC,CRITICAL,Industrial Control Gateway,Production,ACTIVE
AST-CSE-005-003,CSE-005,Web Application Server,CRITICAL,Customer Portal,Production,ACTIVE
AST-CSE-005-004,CSE-005,OT Engineering Workstation,CRITICAL,Substation Automation,Production,ACTIVE
AST-CSE-005-005,CSE-005,Relational Database Server,CRITICAL,Transactional Database,Production,ACTIVE
AST-CSE-005-006,CSE-005,Core Banking Switch,CRITICAL,Payment Processing Engine,Production,ACTIVE
AST-CSE-005-007,CSE-005,NextGen Firewall,CRITICAL,Perimeter Defense,Production,ACTIVE
AST-CSE-005-008,CSE-005,Core Banking Switch,CRITICAL,Payment Processing Engine,Production,ACTIVE
AST-CSE-005-009,CSE-005,SCADA RTU / PLC,CRITICAL,Industrial Control Gateway,Production,ACTIVE
AST-CSE-005-010,CSE-005,OT Engineering Workstation,CRITICAL,Substation Automation,Production,ACTIVE
AST-CSE-005-011,CSE-005,OT Engineering Workstation,CRITICAL,Substation Automation,Production,ACTIVE
AST-CSE-005-012,CSE-005,OT Engineering Workstation,CRITICAL,Substation Automation,Production,ACTIVE
AST-CSE-005-013,CSE-005,SCADA RTU / PLC,CRITICAL,Industrial Control Gateway,Production,ACTIVE
AST-CSE-005-014,CSE-005,Domain Controller (AD),CRITICAL,Identity and Access Management,Production,ACTIVE
AST-CSE-005-015,CSE-005,SIEM Collector Node,CRITICAL,Telemetry Aggregation,Production,ACTIVE
AST-CSE-005-016,CSE-005,Domain Controller (AD),CRITICAL,Identity and Access Management,Production,ACTIVE
AST-CSE-005-017,CSE-005,Relational Database Server,CRITICAL,Transactional Database,Production,ACTIVE
AST-CSE-005-018,CSE-005,Web Application Server,CRITICAL,Customer Portal,Production,ACTIVE
AST-CSE-005-019,CSE-005,Core Banking Switch,CRITICAL,Payment Processing Engine,Production,ACTIVE
AST-CSE-005-020,CSE-005,NextGen Firewall,CRITICAL,Perimeter Defense,Production,ACTIVE
AST-CSE-005-021,CSE-005,Web Application Server,CRITICAL,Customer Portal,Production,ACTIVE
AST-CSE-005-022,CSE-005,OT Engineering Workstation,CRITICAL,Substation Automation,Production,ACTIVE
AST-CSE-005-023,CSE-005,SCADA RTU / PLC,CRITICAL,Industrial Control Gateway,Production,ACTIVE
AST-CSE-005-024,CSE-005,SCADA RTU / PLC,HIGH,Industrial Control Gateway,Production,ACTIVE
AST-CSE-005-025,CSE-005,Core Banking Switch,HIGH,Payment Processing Engine,Production,ACTIVE
AST-CSE-005-026,CSE-005,Relational Database Server,HIGH,Transactional Database,Production,ACTIVE
AST-CSE-005-027,CSE-005,SCADA RTU / PLC,HIGH,Industrial Control Gateway,Production,ACTIVE
AST-CSE-005-028,CSE-005,OT Engineering Workstation,HIGH,Substation Automation,Production,ACTIVE
AST-CSE-005-029,CSE-005,Core Banking Switch,HIGH,Payment Processing Engine,Production,ACTIVE
AST-CSE-005-030,CSE-005,SCADA RTU / PLC,HIGH,Industrial Control Gateway,Production,ACTIVE
AST-CSE-005-031,CSE-005,OT Engineering Workstation,HIGH,Substation Automation,Production,ACTIVE
AST-CSE-005-032,CSE-005,Web Application Server,HIGH,Customer Portal,Production,ACTIVE
AST-CSE-005-033,CSE-005,Web Application Server,HIGH,Customer Portal,Production,ACTIVE
AST-CSE-005-034,CSE-005,SCADA RTU / PLC,HIGH,Industrial Control Gateway,Production,ACTIVE
AST-CSE-005-035,CSE-005,NextGen Firewall,HIGH,Perimeter Defense,Production,ACTIVE
AST-CSE-005-036,CSE-005,OT Engineering Workstation,HIGH,Substation Automation,Production,ACTIVE
AST-CSE-005-037,CSE-005,NextGen Firewall,HIGH,Perimeter Defense,Production,ACTIVE
AST-CSE-005-038,CSE-005,Domain Controller (AD),HIGH,Identity and Access Management,Production,ACTIVE
AST-CSE-005-039,CSE-005,OT Engineering Workstation,HIGH,Substation Automation,Production,ACTIVE
AST-CSE-005-040,CSE-005,Domain Controller (AD),HIGH,Identity and Access Management,Production,ACTIVE
AST-CSE-005-041,CSE-005,NextGen Firewall,HIGH,Perimeter Defense,Production,ACTIVE
AST-CSE-005-042,CSE-005,SIEM Collector Node,HIGH,Telemetry Aggregation,Production,ACTIVE
AST-CSE-005-043,CSE-005,Web Application Server,HIGH,Customer Portal,Production,ACTIVE
AST-CSE-005-044,CSE-005,SCADA RTU / PLC,HIGH,Industrial Control Gateway,Production,ACTIVE
AST-CSE-005-045,CSE-005,Web Application Server,HIGH,Customer Portal,Production,ACTIVE
AST-CSE-005-046,CSE-005,Relational Database Server,HIGH,Transactional Database,Production,ACTIVE
AST-CSE-005-047,CSE-005,NextGen Firewall,HIGH,Perimeter Defense,Production,ACTIVE
AST-CSE-005-048,CSE-005,Domain Controller (AD),HIGH,Identity and Access Management,Production,ACTIVE
AST-CSE-005-049,CSE-005,Domain Controller (AD),HIGH,Identity and Access Management,Production,ACTIVE
AST-CSE-005-050,CSE-005,OT Engineering Workstation,HIGH,Substation Automation,Production,ACTIVE
AST-CSE-005-051,CSE-005,SCADA RTU / PLC,HIGH,Industrial Control Gateway,Production,ACTIVE
AST-CSE-005-052,CSE-005,Domain Controller (AD),HIGH,Identity and Access Management,Production,ACTIVE
AST-CSE-005-053,CSE-005,SIEM Collector Node,HIGH,Telemetry Aggregation,Production,ACTIVE
AST-CSE-005-054,CSE-005,Relational Database Server,HIGH,Transactional Database,Production,ACTIVE
AST-CSE-005-055,CSE-005,OT Engineering Workstation,MEDIUM,Substation Automation,Staging,ACTIVE
AST-CSE-005-056,CSE-005,SCADA RTU / PLC,LOW,Industrial Control Gateway,DR,ACTIVE
AST-CSE-005-057,CSE-005,NextGen Firewall,LOW,Perimeter Defense,Staging,ACTIVE
AST-CSE-005-058,CSE-005,Relational Database Server,LOW,Transactional Database,DR,ACTIVE
AST-CSE-005-059,CSE-005,SIEM Collector Node,MEDIUM,Telemetry Aggregation,Production,ACTIVE
AST-CSE-005-060,CSE-005,NextGen Firewall,MEDIUM,Perimeter Defense,Staging,ACTIVE
AST-CSE-005-061,CSE-005,Core Banking Switch,MEDIUM,Payment Processing Engine,DR,ACTIVE
AST-CSE-005-062,CSE-005,Web Application Server,LOW,Customer Portal,Staging,ACTIVE
AST-CSE-005-063,CSE-005,SCADA RTU / PLC,MEDIUM,Industrial Control Gateway,Staging,ACTIVE
AST-CSE-005-064,CSE-005,SIEM Collector Node,LOW,Telemetry Aggregation,Production,ACTIVE
AST-CSE-005-065,CSE-005,Web Application Server,LOW,Customer Portal,Staging,ACTIVE
AST-CSE-005-066,CSE-005,Web Application Server,MEDIUM,Customer Portal,Staging,ACTIVE
AST-CSE-005-067,CSE-005,SCADA RTU / PLC,LOW,Industrial Control Gateway,DR,ACTIVE
AST-CSE-005-068,CSE-005,Relational Database Server,MEDIUM,Transactional Database,Staging,ACTIVE
AST-CSE-005-069,CSE-005,Web Application Server,MEDIUM,Customer Portal,Staging,ACTIVE
AST-CSE-005-070,CSE-005,Web Application Server,LOW,Customer Portal,Staging,ACTIVE
AST-CSE-005-071,CSE-005,Relational Database Server,LOW,Transactional Database,DR,ACTIVE
AST-CSE-005-072,CSE-005,OT Engineering Workstation,MEDIUM,Substation Automation,DR,ACTIVE
AST-CSE-005-073,CSE-005,Domain Controller (AD),MEDIUM,Identity and Access Management,Staging,ACTIVE
AST-CSE-005-074,CSE-005,Core Banking Switch,LOW,Payment Processing Engine,Staging,ACTIVE
AST-CSE-005-075,CSE-005,Domain Controller (AD),LOW,Identity and Access Management,DR,ACTIVE
AST-CSE-005-076,CSE-005,SCADA RTU / PLC,LOW,Industrial Control Gateway,Production,ACTIVE
AST-CSE-005-077,CSE-005,OT Engineering Workstation,LOW,Substation Automation,Staging,ACTIVE
AST-CSE-005-078,CSE-005,Web Application Server,MEDIUM,Customer Portal,DR,ACTIVE
AST-CSE-005-079,CSE-005,Core Banking Switch,LOW,Payment Processing Engine,Production,ACTIVE
AST-CSE-005-080,CSE-005,SCADA RTU / PLC,MEDIUM,Industrial Control Gateway,DR,ACTIVE
AST-CSE-005-081,CSE-005,Domain Controller (AD),MEDIUM,Identity and Access Management,Staging,ACTIVE
AST-CSE-005-082,CSE-005,Web Application Server,LOW,Customer Portal,Staging,ACTIVE
AST-CSE-005-083,CSE-005,Domain Controller (AD),LOW,Identity and Access Management,Staging,ACTIVE
AST-CSE-005-084,CSE-005,Domain Controller (AD),LOW,Identity and Access Management,Production,ACTIVE
AST-CSE-006-001,CSE-006,NextGen Firewall,CRITICAL,Perimeter Defense,Production,ACTIVE
AST-CSE-006-002,CSE-006,Web Application Server,CRITICAL,Customer Portal,Production,ACTIVE
AST-CSE-006-003,CSE-006,OT Engineering Workstation,CRITICAL,Substation Automation,Production,ACTIVE
AST-CSE-006-004,CSE-006,OT Engineering Workstation,CRITICAL,Substation Automation,Production,ACTIVE
AST-CSE-006-005,CSE-006,Domain Controller (AD),CRITICAL,Identity and Access Management,Production,ACTIVE
AST-CSE-006-006,CSE-006,Web Application Server,CRITICAL,Customer Portal,Production,ACTIVE
AST-CSE-006-007,CSE-006,SIEM Collector Node,CRITICAL,Telemetry Aggregation,Production,ACTIVE
AST-CSE-006-008,CSE-006,NextGen Firewall,CRITICAL,Perimeter Defense,Production,ACTIVE
AST-CSE-006-009,CSE-006,Domain Controller (AD),CRITICAL,Identity and Access Management,Production,ACTIVE
AST-CSE-006-010,CSE-006,Core Banking Switch,CRITICAL,Payment Processing Engine,Production,ACTIVE
AST-CSE-006-011,CSE-006,OT Engineering Workstation,CRITICAL,Substation Automation,Production,ACTIVE
AST-CSE-006-012,CSE-006,Relational Database Server,CRITICAL,Transactional Database,Production,ACTIVE
AST-CSE-006-013,CSE-006,Relational Database Server,CRITICAL,Transactional Database,Production,ACTIVE
AST-CSE-006-014,CSE-006,Web Application Server,CRITICAL,Customer Portal,Production,ACTIVE
AST-CSE-006-015,CSE-006,OT Engineering Workstation,CRITICAL,Substation Automation,Production,ACTIVE
AST-CSE-006-016,CSE-006,Web Application Server,CRITICAL,Customer Portal,Production,ACTIVE
AST-CSE-006-017,CSE-006,Web Application Server,CRITICAL,Customer Portal,Production,ACTIVE
AST-CSE-006-018,CSE-006,Domain Controller (AD),CRITICAL,Identity and Access Management,Production,ACTIVE
AST-CSE-006-019,CSE-006,SCADA RTU / PLC,HIGH,Industrial Control Gateway,Production,ACTIVE
AST-CSE-006-020,CSE-006,Core Banking Switch,HIGH,Payment Processing Engine,Production,ACTIVE
AST-CSE-006-021,CSE-006,NextGen Firewall,HIGH,Perimeter Defense,Production,ACTIVE
AST-CSE-006-022,CSE-006,NextGen Firewall,HIGH,Perimeter Defense,Production,ACTIVE
AST-CSE-006-023,CSE-006,Domain Controller (AD),HIGH,Identity and Access Management,Production,ACTIVE
AST-CSE-006-024,CSE-006,SCADA RTU / PLC,HIGH,Industrial Control Gateway,Production,ACTIVE
AST-CSE-006-025,CSE-006,Web Application Server,HIGH,Customer Portal,Production,ACTIVE
AST-CSE-006-026,CSE-006,SIEM Collector Node,HIGH,Telemetry Aggregation,Production,ACTIVE
AST-CSE-006-027,CSE-006,NextGen Firewall,HIGH,Perimeter Defense,Production,ACTIVE
AST-CSE-006-028,CSE-006,SIEM Collector Node,HIGH,Telemetry Aggregation,Production,ACTIVE
AST-CSE-006-029,CSE-006,Core Banking Switch,HIGH,Payment Processing Engine,Production,ACTIVE
AST-CSE-006-030,CSE-006,Relational Database Server,HIGH,Transactional Database,Production,ACTIVE
AST-CSE-006-031,CSE-006,SCADA RTU / PLC,HIGH,Industrial Control Gateway,Production,ACTIVE
AST-CSE-006-032,CSE-006,Domain Controller (AD),HIGH,Identity and Access Management,Production,ACTIVE
AST-CSE-006-033,CSE-006,SCADA RTU / PLC,HIGH,Industrial Control Gateway,Production,ACTIVE
AST-CSE-006-034,CSE-006,SIEM Collector Node,HIGH,Telemetry Aggregation,Production,ACTIVE
AST-CSE-006-035,CSE-006,Core Banking Switch,HIGH,Payment Processing Engine,Production,ACTIVE
AST-CSE-006-036,CSE-006,Domain Controller (AD),HIGH,Identity and Access Management,Production,ACTIVE
AST-CSE-006-037,CSE-006,SIEM Collector Node,HIGH,Telemetry Aggregation,Production,ACTIVE
AST-CSE-006-038,CSE-006,SIEM Collector Node,HIGH,Telemetry Aggregation,Production,ACTIVE
AST-CSE-006-039,CSE-006,SIEM Collector Node,HIGH,Telemetry Aggregation,Production,ACTIVE
AST-CSE-006-040,CSE-006,Core Banking Switch,HIGH,Payment Processing Engine,Production,ACTIVE
AST-CSE-006-041,CSE-006,Core Banking Switch,HIGH,Payment Processing Engine,Production,ACTIVE
AST-CSE-006-042,CSE-006,SCADA RTU / PLC,HIGH,Industrial Control Gateway,Production,ACTIVE
AST-CSE-006-043,CSE-006,Core Banking Switch,LOW,Payment Processing Engine,Staging,ACTIVE
AST-CSE-006-044,CSE-006,OT Engineering Workstation,MEDIUM,Substation Automation,DR,ACTIVE
AST-CSE-006-045,CSE-006,Domain Controller (AD),MEDIUM,Identity and Access Management,Production,ACTIVE
AST-CSE-006-046,CSE-006,Domain Controller (AD),LOW,Identity and Access Management,Production,ACTIVE
AST-CSE-006-047,CSE-006,OT Engineering Workstation,LOW,Substation Automation,DR,ACTIVE
AST-CSE-006-048,CSE-006,SIEM Collector Node,LOW,Telemetry Aggregation,Staging,ACTIVE
AST-CSE-006-049,CSE-006,Domain Controller (AD),MEDIUM,Identity and Access Management,DR,ACTIVE
AST-CSE-006-050,CSE-006,Domain Controller (AD),LOW,Identity and Access Management,Staging,ACTIVE
AST-CSE-006-051,CSE-006,SIEM Collector Node,MEDIUM,Telemetry Aggregation,Production,ACTIVE
AST-CSE-006-052,CSE-006,SCADA RTU / PLC,MEDIUM,Industrial Control Gateway,Production,ACTIVE
AST-CSE-006-053,CSE-006,NextGen Firewall,MEDIUM,Perimeter Defense,DR,ACTIVE
AST-CSE-006-054,CSE-006,Relational Database Server,LOW,Transactional Database,Production,ACTIVE
AST-CSE-006-055,CSE-006,Core Banking Switch,MEDIUM,Payment Processing Engine,Staging,ACTIVE
AST-CSE-006-056,CSE-006,SCADA RTU / PLC,LOW,Industrial Control Gateway,DR,ACTIVE
AST-CSE-006-057,CSE-006,Domain Controller (AD),MEDIUM,Identity and Access Management,Staging,ACTIVE
AST-CSE-006-058,CSE-006,Relational Database Server,LOW,Transactional Database,Production,ACTIVE
AST-CSE-006-059,CSE-006,SCADA RTU / PLC,MEDIUM,Industrial Control Gateway,Staging,ACTIVE
AST-CSE-006-060,CSE-006,Core Banking Switch,MEDIUM,Payment Processing Engine,Production,ACTIVE
AST-CSE-006-061,CSE-006,Web Application Server,MEDIUM,Customer Portal,Staging,ACTIVE
AST-CSE-006-062,CSE-006,Relational Database Server,LOW,Transactional Database,Production,ACTIVE
AST-CSE-006-063,CSE-006,Core Banking Switch,LOW,Payment Processing Engine,Production,ACTIVE
AST-CSE-006-064,CSE-006,OT Engineering Workstation,MEDIUM,Substation Automation,Production,ACTIVE
AST-CSE-006-065,CSE-006,Web Application Server,LOW,Customer Portal,Staging,ACTIVE
AST-CSE-006-066,CSE-006,SIEM Collector Node,MEDIUM,Telemetry Aggregation,DR,ACTIVE
AST-CSE-007-001,CSE-007,Domain Controller (AD),CRITICAL,Identity and Access Management,Production,ACTIVE
AST-CSE-007-002,CSE-007,NextGen Firewall,CRITICAL,Perimeter Defense,Production,ACTIVE
AST-CSE-007-003,CSE-007,Core Banking Switch,CRITICAL,Payment Processing Engine,Production,ACTIVE
AST-CSE-007-004,CSE-007,OT Engineering Workstation,CRITICAL,Substation Automation,Production,ACTIVE
AST-CSE-007-005,CSE-007,Domain Controller (AD),CRITICAL,Identity and Access Management,Production,ACTIVE
AST-CSE-007-006,CSE-007,OT Engineering Workstation,CRITICAL,Substation Automation,Production,ACTIVE
AST-CSE-007-007,CSE-007,NextGen Firewall,CRITICAL,Perimeter Defense,Production,ACTIVE
AST-CSE-007-008,CSE-007,NextGen Firewall,CRITICAL,Perimeter Defense,Production,ACTIVE
AST-CSE-007-009,CSE-007,OT Engineering Workstation,CRITICAL,Substation Automation,Production,ACTIVE
AST-CSE-007-010,CSE-007,Web Application Server,CRITICAL,Customer Portal,Production,ACTIVE
AST-CSE-007-011,CSE-007,NextGen Firewall,CRITICAL,Perimeter Defense,Production,ACTIVE
AST-CSE-007-012,CSE-007,Relational Database Server,CRITICAL,Transactional Database,Production,ACTIVE
AST-CSE-007-013,CSE-007,SIEM Collector Node,CRITICAL,Telemetry Aggregation,Production,ACTIVE
AST-CSE-007-014,CSE-007,SIEM Collector Node,CRITICAL,Telemetry Aggregation,Production,ACTIVE
AST-CSE-007-015,CSE-007,SIEM Collector Node,CRITICAL,Telemetry Aggregation,Production,ACTIVE
AST-CSE-007-016,CSE-007,NextGen Firewall,CRITICAL,Perimeter Defense,Production,ACTIVE
AST-CSE-007-017,CSE-007,NextGen Firewall,HIGH,Perimeter Defense,Production,ACTIVE
AST-CSE-007-018,CSE-007,OT Engineering Workstation,HIGH,Substation Automation,Production,ACTIVE
AST-CSE-007-019,CSE-007,Domain Controller (AD),HIGH,Identity and Access Management,Production,ACTIVE
AST-CSE-007-020,CSE-007,NextGen Firewall,HIGH,Perimeter Defense,Production,ACTIVE
AST-CSE-007-021,CSE-007,Relational Database Server,HIGH,Transactional Database,Production,ACTIVE
AST-CSE-007-022,CSE-007,Domain Controller (AD),HIGH,Identity and Access Management,Production,ACTIVE
AST-CSE-007-023,CSE-007,Web Application Server,HIGH,Customer Portal,Production,ACTIVE
AST-CSE-007-024,CSE-007,Domain Controller (AD),HIGH,Identity and Access Management,Production,ACTIVE
AST-CSE-007-025,CSE-007,OT Engineering Workstation,HIGH,Substation Automation,Production,ACTIVE
AST-CSE-007-026,CSE-007,OT Engineering Workstation,HIGH,Substation Automation,Production,ACTIVE
AST-CSE-007-027,CSE-007,SCADA RTU / PLC,HIGH,Industrial Control Gateway,Production,ACTIVE
AST-CSE-007-028,CSE-007,OT Engineering Workstation,HIGH,Substation Automation,Production,ACTIVE
AST-CSE-007-029,CSE-007,Relational Database Server,HIGH,Transactional Database,Production,ACTIVE
AST-CSE-007-030,CSE-007,SIEM Collector Node,HIGH,Telemetry Aggregation,Production,ACTIVE
AST-CSE-007-031,CSE-007,Web Application Server,HIGH,Customer Portal,Production,ACTIVE
AST-CSE-007-032,CSE-007,NextGen Firewall,HIGH,Perimeter Defense,Production,ACTIVE
AST-CSE-007-033,CSE-007,Domain Controller (AD),HIGH,Identity and Access Management,Production,ACTIVE
AST-CSE-007-034,CSE-007,Web Application Server,HIGH,Customer Portal,Production,ACTIVE
AST-CSE-007-035,CSE-007,Web Application Server,HIGH,Customer Portal,Production,ACTIVE
AST-CSE-007-036,CSE-007,SIEM Collector Node,HIGH,Telemetry Aggregation,Production,ACTIVE
AST-CSE-007-037,CSE-007,NextGen Firewall,HIGH,Perimeter Defense,Production,ACTIVE
AST-CSE-007-038,CSE-007,Domain Controller (AD),HIGH,Identity and Access Management,Production,ACTIVE
AST-CSE-007-039,CSE-007,Relational Database Server,HIGH,Transactional Database,Production,ACTIVE
AST-CSE-007-040,CSE-007,SCADA RTU / PLC,LOW,Industrial Control Gateway,DR,ACTIVE
AST-CSE-007-041,CSE-007,NextGen Firewall,LOW,Perimeter Defense,Staging,ACTIVE
AST-CSE-007-042,CSE-007,Domain Controller (AD),LOW,Identity and Access Management,DR,ACTIVE
AST-CSE-007-043,CSE-007,Web Application Server,MEDIUM,Customer Portal,Staging,ACTIVE
AST-CSE-007-044,CSE-007,Domain Controller (AD),MEDIUM,Identity and Access Management,Staging,ACTIVE
AST-CSE-007-045,CSE-007,NextGen Firewall,MEDIUM,Perimeter Defense,Staging,ACTIVE
AST-CSE-007-046,CSE-007,SCADA RTU / PLC,LOW,Industrial Control Gateway,DR,ACTIVE
AST-CSE-007-047,CSE-007,SIEM Collector Node,MEDIUM,Telemetry Aggregation,Production,ACTIVE
AST-CSE-007-048,CSE-007,Relational Database Server,MEDIUM,Transactional Database,DR,ACTIVE
AST-CSE-007-049,CSE-007,Web Application Server,LOW,Customer Portal,Staging,ACTIVE
AST-CSE-007-050,CSE-007,SIEM Collector Node,MEDIUM,Telemetry Aggregation,DR,ACTIVE
AST-CSE-007-051,CSE-007,Domain Controller (AD),MEDIUM,Identity and Access Management,DR,ACTIVE
AST-CSE-007-052,CSE-007,OT Engineering Workstation,MEDIUM,Substation Automation,DR,ACTIVE
AST-CSE-007-053,CSE-007,Domain Controller (AD),MEDIUM,Identity and Access Management,Production,ACTIVE
AST-CSE-007-054,CSE-007,SCADA RTU / PLC,MEDIUM,Industrial Control Gateway,Staging,ACTIVE
AST-CSE-007-055,CSE-007,Web Application Server,LOW,Customer Portal,Production,ACTIVE
AST-CSE-007-056,CSE-007,Relational Database Server,MEDIUM,Transactional Database,Production,ACTIVE
AST-CSE-007-057,CSE-007,Domain Controller (AD),MEDIUM,Identity and Access Management,DR,ACTIVE
AST-CSE-007-058,CSE-007,OT Engineering Workstation,LOW,Substation Automation,Staging,ACTIVE
AST-CSE-007-059,CSE-007,OT Engineering Workstation,LOW,Substation Automation,Production,ACTIVE
AST-CSE-007-060,CSE-007,Relational Database Server,LOW,Transactional Database,DR,ACTIVE
AST-CSE-008-001,CSE-008,Domain Controller (AD),CRITICAL,Identity and Access Management,Production,ACTIVE
AST-CSE-008-002,CSE-008,Relational Database Server,CRITICAL,Transactional Database,Production,ACTIVE
AST-CSE-008-003,CSE-008,Relational Database Server,CRITICAL,Transactional Database,Production,ACTIVE
AST-CSE-008-004,CSE-008,Core Banking Switch,CRITICAL,Payment Processing Engine,Production,ACTIVE
AST-CSE-008-005,CSE-008,Relational Database Server,CRITICAL,Transactional Database,Production,ACTIVE
AST-CSE-008-006,CSE-008,OT Engineering Workstation,CRITICAL,Substation Automation,Production,ACTIVE
AST-CSE-008-007,CSE-008,Relational Database Server,CRITICAL,Transactional Database,Production,ACTIVE
AST-CSE-008-008,CSE-008,OT Engineering Workstation,CRITICAL,Substation Automation,Production,ACTIVE
AST-CSE-008-009,CSE-008,Domain Controller (AD),CRITICAL,Identity and Access Management,Production,ACTIVE
AST-CSE-008-010,CSE-008,OT Engineering Workstation,CRITICAL,Substation Automation,Production,ACTIVE
AST-CSE-008-011,CSE-008,Relational Database Server,CRITICAL,Transactional Database,Production,ACTIVE
AST-CSE-008-012,CSE-008,Domain Controller (AD),CRITICAL,Identity and Access Management,Production,ACTIVE
AST-CSE-008-013,CSE-008,OT Engineering Workstation,CRITICAL,Substation Automation,Production,ACTIVE
AST-CSE-008-014,CSE-008,Domain Controller (AD),CRITICAL,Identity and Access Management,Production,ACTIVE
AST-CSE-008-015,CSE-008,Relational Database Server,CRITICAL,Transactional Database,Production,ACTIVE
AST-CSE-008-016,CSE-008,NextGen Firewall,CRITICAL,Perimeter Defense,Production,ACTIVE
AST-CSE-008-017,CSE-008,Domain Controller (AD),CRITICAL,Identity and Access Management,Production,ACTIVE
AST-CSE-008-018,CSE-008,SCADA RTU / PLC,CRITICAL,Industrial Control Gateway,Production,ACTIVE
AST-CSE-008-019,CSE-008,NextGen Firewall,CRITICAL,Perimeter Defense,Production,ACTIVE
AST-CSE-008-020,CSE-008,Domain Controller (AD),CRITICAL,Identity and Access Management,Production,ACTIVE
AST-CSE-008-021,CSE-008,Domain Controller (AD),CRITICAL,Identity and Access Management,Production,ACTIVE
AST-CSE-008-022,CSE-008,Relational Database Server,CRITICAL,Transactional Database,Production,ACTIVE
AST-CSE-008-023,CSE-008,NextGen Firewall,CRITICAL,Perimeter Defense,Production,ACTIVE
AST-CSE-008-024,CSE-008,Relational Database Server,CRITICAL,Transactional Database,Production,ACTIVE
AST-CSE-008-025,CSE-008,NextGen Firewall,CRITICAL,Perimeter Defense,Production,ACTIVE
AST-CSE-008-026,CSE-008,Web Application Server,CRITICAL,Customer Portal,Production,ACTIVE
AST-CSE-008-027,CSE-008,Core Banking Switch,CRITICAL,Payment Processing Engine,Production,ACTIVE
AST-CSE-008-028,CSE-008,OT Engineering Workstation,CRITICAL,Substation Automation,Production,ACTIVE
AST-CSE-008-029,CSE-008,Web Application Server,HIGH,Customer Portal,Production,ACTIVE
AST-CSE-008-030,CSE-008,Domain Controller (AD),HIGH,Identity and Access Management,Production,ACTIVE
AST-CSE-008-031,CSE-008,Domain Controller (AD),HIGH,Identity and Access Management,Production,ACTIVE
AST-CSE-008-032,CSE-008,Relational Database Server,HIGH,Transactional Database,Production,ACTIVE
AST-CSE-008-033,CSE-008,Domain Controller (AD),HIGH,Identity and Access Management,Production,ACTIVE
AST-CSE-008-034,CSE-008,SIEM Collector Node,HIGH,Telemetry Aggregation,Production,ACTIVE
AST-CSE-008-035,CSE-008,Domain Controller (AD),HIGH,Identity and Access Management,Production,ACTIVE
AST-CSE-008-036,CSE-008,NextGen Firewall,HIGH,Perimeter Defense,Production,ACTIVE
AST-CSE-008-037,CSE-008,OT Engineering Workstation,HIGH,Substation Automation,Production,ACTIVE
AST-CSE-008-038,CSE-008,SIEM Collector Node,HIGH,Telemetry Aggregation,Production,ACTIVE
AST-CSE-008-039,CSE-008,Domain Controller (AD),HIGH,Identity and Access Management,Production,ACTIVE
AST-CSE-008-040,CSE-008,Relational Database Server,HIGH,Transactional Database,Production,ACTIVE
AST-CSE-008-041,CSE-008,Relational Database Server,HIGH,Transactional Database,Production,ACTIVE
AST-CSE-008-042,CSE-008,OT Engineering Workstation,HIGH,Substation Automation,Production,ACTIVE
AST-CSE-008-043,CSE-008,SCADA RTU / PLC,HIGH,Industrial Control Gateway,Production,ACTIVE
AST-CSE-008-044,CSE-008,SCADA RTU / PLC,HIGH,Industrial Control Gateway,Production,ACTIVE
AST-CSE-008-045,CSE-008,Relational Database Server,HIGH,Transactional Database,Production,ACTIVE
AST-CSE-008-046,CSE-008,SCADA RTU / PLC,HIGH,Industrial Control Gateway,Production,ACTIVE
AST-CSE-008-047,CSE-008,Relational Database Server,HIGH,Transactional Database,Production,ACTIVE
AST-CSE-008-048,CSE-008,Web Application Server,HIGH,Customer Portal,Production,ACTIVE
AST-CSE-008-049,CSE-008,OT Engineering Workstation,HIGH,Substation Automation,Production,ACTIVE
AST-CSE-008-050,CSE-008,Relational Database Server,HIGH,Transactional Database,Production,ACTIVE
AST-CSE-008-051,CSE-008,SIEM Collector Node,HIGH,Telemetry Aggregation,Production,ACTIVE
AST-CSE-008-052,CSE-008,SCADA RTU / PLC,HIGH,Industrial Control Gateway,Production,ACTIVE
AST-CSE-008-053,CSE-008,Core Banking Switch,HIGH,Payment Processing Engine,Production,ACTIVE
AST-CSE-008-054,CSE-008,SIEM Collector Node,HIGH,Telemetry Aggregation,Production,ACTIVE
AST-CSE-008-055,CSE-008,SCADA RTU / PLC,HIGH,Industrial Control Gateway,Production,ACTIVE
AST-CSE-008-056,CSE-008,NextGen Firewall,HIGH,Perimeter Defense,Production,ACTIVE
AST-CSE-008-057,CSE-008,SIEM Collector Node,HIGH,Telemetry Aggregation,Production,ACTIVE
AST-CSE-008-058,CSE-008,Relational Database Server,HIGH,Transactional Database,Production,ACTIVE
AST-CSE-008-059,CSE-008,SCADA RTU / PLC,HIGH,Industrial Control Gateway,Production,ACTIVE
AST-CSE-008-060,CSE-008,Core Banking Switch,HIGH,Payment Processing Engine,Production,ACTIVE
AST-CSE-008-061,CSE-008,Web Application Server,HIGH,Customer Portal,Production,ACTIVE
AST-CSE-008-062,CSE-008,SCADA RTU / PLC,HIGH,Industrial Control Gateway,Production,ACTIVE
AST-CSE-008-063,CSE-008,OT Engineering Workstation,HIGH,Substation Automation,Production,ACTIVE
AST-CSE-008-064,CSE-008,Domain Controller (AD),HIGH,Identity and Access Management,Production,ACTIVE
AST-CSE-008-065,CSE-008,Core Banking Switch,HIGH,Payment Processing Engine,Production,ACTIVE
AST-CSE-008-066,CSE-008,OT Engineering Workstation,HIGH,Substation Automation,Production,ACTIVE
AST-CSE-008-067,CSE-008,Core Banking Switch,MEDIUM,Payment Processing Engine,Staging,ACTIVE
AST-CSE-008-068,CSE-008,Web Application Server,MEDIUM,Customer Portal,Staging,ACTIVE
AST-CSE-008-069,CSE-008,NextGen Firewall,MEDIUM,Perimeter Defense,Production,ACTIVE
AST-CSE-008-070,CSE-008,SIEM Collector Node,MEDIUM,Telemetry Aggregation,Staging,ACTIVE
AST-CSE-008-071,CSE-008,Domain Controller (AD),MEDIUM,Identity and Access Management,Staging,ACTIVE
AST-CSE-008-072,CSE-008,NextGen Firewall,LOW,Perimeter Defense,Staging,ACTIVE
AST-CSE-008-073,CSE-008,Domain Controller (AD),MEDIUM,Identity and Access Management,Staging,ACTIVE
AST-CSE-008-074,CSE-008,NextGen Firewall,LOW,Perimeter Defense,Production,ACTIVE
AST-CSE-008-075,CSE-008,Web Application Server,LOW,Customer Portal,Staging,ACTIVE
AST-CSE-008-076,CSE-008,SIEM Collector Node,LOW,Telemetry Aggregation,DR,ACTIVE
AST-CSE-008-077,CSE-008,NextGen Firewall,LOW,Perimeter Defense,Production,ACTIVE
AST-CSE-008-078,CSE-008,SCADA RTU / PLC,MEDIUM,Industrial Control Gateway,Production,ACTIVE
AST-CSE-008-079,CSE-008,Web Application Server,MEDIUM,Customer Portal,DR,ACTIVE
AST-CSE-008-080,CSE-008,OT Engineering Workstation,MEDIUM,Substation Automation,Staging,ACTIVE
AST-CSE-008-081,CSE-008,OT Engineering Workstation,LOW,Substation Automation,DR,ACTIVE
AST-CSE-008-082,CSE-008,OT Engineering Workstation,MEDIUM,Substation Automation,DR,ACTIVE
AST-CSE-008-083,CSE-008,Core Banking Switch,MEDIUM,Payment Processing Engine,Staging,ACTIVE
AST-CSE-008-084,CSE-008,Domain Controller (AD),LOW,Identity and Access Management,Production,ACTIVE
AST-CSE-008-085,CSE-008,Web Application Server,LOW,Customer Portal,Staging,ACTIVE
AST-CSE-008-086,CSE-008,Relational Database Server,MEDIUM,Transactional Database,Staging,ACTIVE
AST-CSE-008-087,CSE-008,Web Application Server,LOW,Customer Portal,Staging,ACTIVE
AST-CSE-008-088,CSE-008,OT Engineering Workstation,LOW,Substation Automation,Production,ACTIVE
AST-CSE-008-089,CSE-008,Core Banking Switch,MEDIUM,Payment Processing Engine,Staging,ACTIVE
AST-CSE-008-090,CSE-008,NextGen Firewall,MEDIUM,Perimeter Defense,DR,ACTIVE
AST-CSE-008-091,CSE-008,Domain Controller (AD),MEDIUM,Identity and Access Management,Staging,ACTIVE
AST-CSE-008-092,CSE-008,Web Application Server,MEDIUM,Customer Portal,DR,ACTIVE
AST-CSE-008-093,CSE-008,NextGen Firewall,LOW,Perimeter Defense,Production,ACTIVE
AST-CSE-008-094,CSE-008,Core Banking Switch,MEDIUM,Payment Processing Engine,Staging,ACTIVE
AST-CSE-008-095,CSE-008,SCADA RTU / PLC,MEDIUM,Industrial Control Gateway,Production,ACTIVE
AST-CSE-008-096,CSE-008,Core Banking Switch,MEDIUM,Payment Processing Engine,DR,ACTIVE
AST-CSE-008-097,CSE-008,Web Application Server,MEDIUM,Customer Portal,Production,ACTIVE
AST-CSE-008-098,CSE-008,SIEM Collector Node,MEDIUM,Telemetry Aggregation,Production,ACTIVE
AST-CSE-008-099,CSE-008,NextGen Firewall,LOW,Perimeter Defense,DR,ACTIVE
AST-CSE-008-100,CSE-008,Web Application Server,LOW,Customer Portal,Staging,ACTIVE
AST-CSE-008-101,CSE-008,NextGen Firewall,LOW,Perimeter Defense,DR,ACTIVE
AST-CSE-008-102,CSE-008,Web Application Server,MEDIUM,Customer Portal,Staging,ACTIVE
AST-CSE-008-103,CSE-008,Core Banking Switch,MEDIUM,Payment Processing Engine,DR,ACTIVE
AST-CSE-009-001,CSE-009,Relational Database Server,CRITICAL,Transactional Database,Production,ACTIVE
AST-CSE-009-002,CSE-009,NextGen Firewall,CRITICAL,Perimeter Defense,Production,ACTIVE
AST-CSE-009-003,CSE-009,Core Banking Switch,CRITICAL,Payment Processing Engine,Production,ACTIVE
AST-CSE-009-004,CSE-009,OT Engineering Workstation,CRITICAL,Substation Automation,Production,ACTIVE
AST-CSE-009-005,CSE-009,OT Engineering Workstation,CRITICAL,Substation Automation,Production,ACTIVE
AST-CSE-009-006,CSE-009,Relational Database Server,CRITICAL,Transactional Database,Production,ACTIVE
AST-CSE-009-007,CSE-009,Core Banking Switch,CRITICAL,Payment Processing Engine,Production,ACTIVE
AST-CSE-009-008,CSE-009,NextGen Firewall,CRITICAL,Perimeter Defense,Production,ACTIVE
AST-CSE-009-009,CSE-009,SIEM Collector Node,CRITICAL,Telemetry Aggregation,Production,ACTIVE
AST-CSE-009-010,CSE-009,NextGen Firewall,CRITICAL,Perimeter Defense,Production,ACTIVE
AST-CSE-009-011,CSE-009,SCADA RTU / PLC,CRITICAL,Industrial Control Gateway,Production,ACTIVE
AST-CSE-009-012,CSE-009,Web Application Server,CRITICAL,Customer Portal,Production,ACTIVE
AST-CSE-009-013,CSE-009,Domain Controller (AD),CRITICAL,Identity and Access Management,Production,ACTIVE
AST-CSE-009-014,CSE-009,Domain Controller (AD),CRITICAL,Identity and Access Management,Production,ACTIVE
AST-CSE-009-015,CSE-009,NextGen Firewall,CRITICAL,Perimeter Defense,Production,ACTIVE
AST-CSE-009-016,CSE-009,NextGen Firewall,HIGH,Perimeter Defense,Production,ACTIVE
AST-CSE-009-017,CSE-009,Web Application Server,HIGH,Customer Portal,Production,ACTIVE
AST-CSE-009-018,CSE-009,Domain Controller (AD),HIGH,Identity and Access Management,Production,ACTIVE
AST-CSE-009-019,CSE-009,SCADA RTU / PLC,HIGH,Industrial Control Gateway,Production,ACTIVE
AST-CSE-009-020,CSE-009,SIEM Collector Node,HIGH,Telemetry Aggregation,Production,ACTIVE
AST-CSE-009-021,CSE-009,Domain Controller (AD),HIGH,Identity and Access Management,Production,ACTIVE
AST-CSE-009-022,CSE-009,OT Engineering Workstation,HIGH,Substation Automation,Production,ACTIVE
AST-CSE-009-023,CSE-009,Domain Controller (AD),HIGH,Identity and Access Management,Production,ACTIVE
AST-CSE-009-024,CSE-009,NextGen Firewall,HIGH,Perimeter Defense,Production,ACTIVE
AST-CSE-009-025,CSE-009,Relational Database Server,HIGH,Transactional Database,Production,ACTIVE
AST-CSE-009-026,CSE-009,Core Banking Switch,HIGH,Payment Processing Engine,Production,ACTIVE
AST-CSE-009-027,CSE-009,Core Banking Switch,HIGH,Payment Processing Engine,Production,ACTIVE
AST-CSE-009-028,CSE-009,Domain Controller (AD),HIGH,Identity and Access Management,Production,ACTIVE
AST-CSE-009-029,CSE-009,NextGen Firewall,HIGH,Perimeter Defense,Production,ACTIVE
AST-CSE-009-030,CSE-009,Relational Database Server,HIGH,Transactional Database,Production,ACTIVE
AST-CSE-009-031,CSE-009,Web Application Server,HIGH,Customer Portal,Production,ACTIVE
AST-CSE-009-032,CSE-009,NextGen Firewall,HIGH,Perimeter Defense,Production,ACTIVE
AST-CSE-009-033,CSE-009,Domain Controller (AD),HIGH,Identity and Access Management,Production,ACTIVE
AST-CSE-009-034,CSE-009,Web Application Server,HIGH,Customer Portal,Production,ACTIVE
AST-CSE-009-035,CSE-009,Core Banking Switch,HIGH,Payment Processing Engine,Production,ACTIVE
AST-CSE-009-036,CSE-009,Core Banking Switch,LOW,Payment Processing Engine,Production,ACTIVE
AST-CSE-009-037,CSE-009,SCADA RTU / PLC,LOW,Industrial Control Gateway,DR,ACTIVE
AST-CSE-009-038,CSE-009,Web Application Server,LOW,Customer Portal,Production,ACTIVE
AST-CSE-009-039,CSE-009,Domain Controller (AD),MEDIUM,Identity and Access Management,DR,ACTIVE
AST-CSE-009-040,CSE-009,NextGen Firewall,MEDIUM,Perimeter Defense,Staging,ACTIVE
AST-CSE-009-041,CSE-009,SIEM Collector Node,MEDIUM,Telemetry Aggregation,DR,ACTIVE
AST-CSE-009-042,CSE-009,NextGen Firewall,MEDIUM,Perimeter Defense,DR,ACTIVE
AST-CSE-009-043,CSE-009,Relational Database Server,MEDIUM,Transactional Database,Staging,ACTIVE
AST-CSE-009-044,CSE-009,NextGen Firewall,LOW,Perimeter Defense,Staging,ACTIVE
AST-CSE-009-045,CSE-009,Relational Database Server,LOW,Transactional Database,Production,ACTIVE
AST-CSE-009-046,CSE-009,SIEM Collector Node,MEDIUM,Telemetry Aggregation,Production,ACTIVE
AST-CSE-009-047,CSE-009,SCADA RTU / PLC,MEDIUM,Industrial Control Gateway,DR,ACTIVE
AST-CSE-009-048,CSE-009,Core Banking Switch,LOW,Payment Processing Engine,Staging,ACTIVE
AST-CSE-009-049,CSE-009,OT Engineering Workstation,MEDIUM,Substation Automation,DR,ACTIVE
AST-CSE-009-050,CSE-009,Relational Database Server,LOW,Transactional Database,Staging,ACTIVE
AST-CSE-009-051,CSE-009,SIEM Collector Node,MEDIUM,Telemetry Aggregation,DR,ACTIVE
AST-CSE-009-052,CSE-009,SIEM Collector Node,LOW,Telemetry Aggregation,DR,ACTIVE
AST-CSE-009-053,CSE-009,OT Engineering Workstation,MEDIUM,Substation Automation,DR,ACTIVE
AST-CSE-009-054,CSE-009,OT Engineering Workstation,MEDIUM,Substation Automation,Production,ACTIVE
AST-CSE-009-055,CSE-009,SCADA RTU / PLC,LOW,Industrial Control Gateway,DR,ACTIVE
AST-CSE-010-001,CSE-010,Web Application Server,CRITICAL,Customer Portal,Production,ACTIVE
AST-CSE-010-002,CSE-010,Domain Controller (AD),CRITICAL,Identity and Access Management,Production,ACTIVE
AST-CSE-010-003,CSE-010,SIEM Collector Node,CRITICAL,Telemetry Aggregation,Production,ACTIVE
AST-CSE-010-004,CSE-010,SIEM Collector Node,CRITICAL,Telemetry Aggregation,Production,ACTIVE
AST-CSE-010-005,CSE-010,Core Banking Switch,CRITICAL,Payment Processing Engine,Production,ACTIVE
AST-CSE-010-006,CSE-010,Web Application Server,CRITICAL,Customer Portal,Production,ACTIVE
AST-CSE-010-007,CSE-010,SCADA RTU / PLC,CRITICAL,Industrial Control Gateway,Production,ACTIVE
AST-CSE-010-008,CSE-010,Core Banking Switch,CRITICAL,Payment Processing Engine,Production,ACTIVE
AST-CSE-010-009,CSE-010,SIEM Collector Node,CRITICAL,Telemetry Aggregation,Production,ACTIVE
AST-CSE-010-010,CSE-010,Domain Controller (AD),CRITICAL,Identity and Access Management,Production,ACTIVE
AST-CSE-010-011,CSE-010,SIEM Collector Node,CRITICAL,Telemetry Aggregation,Production,ACTIVE
AST-CSE-010-012,CSE-010,Core Banking Switch,CRITICAL,Payment Processing Engine,Production,ACTIVE
AST-CSE-010-013,CSE-010,SIEM Collector Node,CRITICAL,Telemetry Aggregation,Production,ACTIVE
AST-CSE-010-014,CSE-010,NextGen Firewall,CRITICAL,Perimeter Defense,Production,ACTIVE
AST-CSE-010-015,CSE-010,SCADA RTU / PLC,CRITICAL,Industrial Control Gateway,Production,ACTIVE
AST-CSE-010-016,CSE-010,SCADA RTU / PLC,CRITICAL,Industrial Control Gateway,Production,ACTIVE
AST-CSE-010-017,CSE-010,OT Engineering Workstation,CRITICAL,Substation Automation,Production,ACTIVE
AST-CSE-010-018,CSE-010,NextGen Firewall,CRITICAL,Perimeter Defense,Production,ACTIVE
AST-CSE-010-019,CSE-010,NextGen Firewall,CRITICAL,Perimeter Defense,Production,ACTIVE
AST-CSE-010-020,CSE-010,Web Application Server,CRITICAL,Customer Portal,Production,ACTIVE
AST-CSE-010-021,CSE-010,Core Banking Switch,CRITICAL,Payment Processing Engine,Production,ACTIVE
AST-CSE-010-022,CSE-010,Relational Database Server,CRITICAL,Transactional Database,Production,ACTIVE
AST-CSE-010-023,CSE-010,NextGen Firewall,CRITICAL,Perimeter Defense,Production,ACTIVE
AST-CSE-010-024,CSE-010,SIEM Collector Node,CRITICAL,Telemetry Aggregation,Production,ACTIVE
AST-CSE-010-025,CSE-010,Web Application Server,CRITICAL,Customer Portal,Production,ACTIVE
AST-CSE-010-026,CSE-010,NextGen Firewall,CRITICAL,Perimeter Defense,Production,ACTIVE
AST-CSE-010-027,CSE-010,SIEM Collector Node,CRITICAL,Telemetry Aggregation,Production,ACTIVE
AST-CSE-010-028,CSE-010,Domain Controller (AD),CRITICAL,Identity and Access Management,Production,ACTIVE
AST-CSE-010-029,CSE-010,NextGen Firewall,CRITICAL,Perimeter Defense,Production,ACTIVE
AST-CSE-010-030,CSE-010,Core Banking Switch,HIGH,Payment Processing Engine,Production,ACTIVE
AST-CSE-010-031,CSE-010,OT Engineering Workstation,HIGH,Substation Automation,Production,ACTIVE
AST-CSE-010-032,CSE-010,NextGen Firewall,HIGH,Perimeter Defense,Production,ACTIVE
AST-CSE-010-033,CSE-010,OT Engineering Workstation,HIGH,Substation Automation,Production,ACTIVE
AST-CSE-010-034,CSE-010,SIEM Collector Node,HIGH,Telemetry Aggregation,Production,ACTIVE
AST-CSE-010-035,CSE-010,SCADA RTU / PLC,HIGH,Industrial Control Gateway,Production,ACTIVE
AST-CSE-010-036,CSE-010,Relational Database Server,HIGH,Transactional Database,Production,ACTIVE
AST-CSE-010-037,CSE-010,OT Engineering Workstation,HIGH,Substation Automation,Production,ACTIVE
AST-CSE-010-038,CSE-010,SCADA RTU / PLC,HIGH,Industrial Control Gateway,Production,ACTIVE
AST-CSE-010-039,CSE-010,SCADA RTU / PLC,HIGH,Industrial Control Gateway,Production,ACTIVE
AST-CSE-010-040,CSE-010,Relational Database Server,HIGH,Transactional Database,Production,ACTIVE
AST-CSE-010-041,CSE-010,Web Application Server,HIGH,Customer Portal,Production,ACTIVE
AST-CSE-010-042,CSE-010,Relational Database Server,HIGH,Transactional Database,Production,ACTIVE
AST-CSE-010-043,CSE-010,Domain Controller (AD),HIGH,Identity and Access Management,Production,ACTIVE
AST-CSE-010-044,CSE-010,SIEM Collector Node,HIGH,Telemetry Aggregation,Production,ACTIVE
AST-CSE-010-045,CSE-010,SIEM Collector Node,HIGH,Telemetry Aggregation,Production,ACTIVE
AST-CSE-010-046,CSE-010,SIEM Collector Node,HIGH,Telemetry Aggregation,Production,ACTIVE
AST-CSE-010-047,CSE-010,Core Banking Switch,HIGH,Payment Processing Engine,Production,ACTIVE
AST-CSE-010-048,CSE-010,SCADA RTU / PLC,HIGH,Industrial Control Gateway,Production,ACTIVE
AST-CSE-010-049,CSE-010,Core Banking Switch,HIGH,Payment Processing Engine,Production,ACTIVE
AST-CSE-010-050,CSE-010,SCADA RTU / PLC,HIGH,Industrial Control Gateway,Production,ACTIVE
AST-CSE-010-051,CSE-010,SIEM Collector Node,HIGH,Telemetry Aggregation,Production,ACTIVE
AST-CSE-010-052,CSE-010,Domain Controller (AD),HIGH,Identity and Access Management,Production,ACTIVE
AST-CSE-010-053,CSE-010,Domain Controller (AD),HIGH,Identity and Access Management,Production,ACTIVE
AST-CSE-010-054,CSE-010,Relational Database Server,HIGH,Transactional Database,Production,ACTIVE
AST-CSE-010-055,CSE-010,Relational Database Server,HIGH,Transactional Database,Production,ACTIVE
AST-CSE-010-056,CSE-010,Relational Database Server,HIGH,Transactional Database,Production,ACTIVE
AST-CSE-010-057,CSE-010,NextGen Firewall,HIGH,Perimeter Defense,Production,ACTIVE
AST-CSE-010-058,CSE-010,SIEM Collector Node,HIGH,Telemetry Aggregation,Production,ACTIVE
AST-CSE-010-059,CSE-010,SIEM Collector Node,HIGH,Telemetry Aggregation,Production,ACTIVE
AST-CSE-010-060,CSE-010,NextGen Firewall,HIGH,Perimeter Defense,Production,ACTIVE
AST-CSE-010-061,CSE-010,SCADA RTU / PLC,HIGH,Industrial Control Gateway,Production,ACTIVE
AST-CSE-010-062,CSE-010,Web Application Server,HIGH,Customer Portal,Production,ACTIVE
AST-CSE-010-063,CSE-010,Web Application Server,HIGH,Customer Portal,Production,ACTIVE
AST-CSE-010-064,CSE-010,Domain Controller (AD),HIGH,Identity and Access Management,Production,ACTIVE
AST-CSE-010-065,CSE-010,SCADA RTU / PLC,HIGH,Industrial Control Gateway,Production,ACTIVE
AST-CSE-010-066,CSE-010,OT Engineering Workstation,HIGH,Substation Automation,Production,ACTIVE
AST-CSE-010-067,CSE-010,OT Engineering Workstation,HIGH,Substation Automation,Production,ACTIVE
AST-CSE-010-068,CSE-010,Relational Database Server,HIGH,Transactional Database,Production,ACTIVE
AST-CSE-010-069,CSE-010,Web Application Server,HIGH,Customer Portal,Production,ACTIVE
AST-CSE-010-070,CSE-010,OT Engineering Workstation,LOW,Substation Automation,Production,ACTIVE
AST-CSE-010-071,CSE-010,SIEM Collector Node,MEDIUM,Telemetry Aggregation,Production,ACTIVE
AST-CSE-010-072,CSE-010,OT Engineering Workstation,MEDIUM,Substation Automation,Production,ACTIVE
AST-CSE-010-073,CSE-010,SCADA RTU / PLC,MEDIUM,Industrial Control Gateway,Staging,ACTIVE
AST-CSE-010-074,CSE-010,Relational Database Server,LOW,Transactional Database,Staging,ACTIVE
AST-CSE-010-075,CSE-010,Domain Controller (AD),LOW,Identity and Access Management,Staging,ACTIVE
AST-CSE-010-076,CSE-010,SIEM Collector Node,LOW,Telemetry Aggregation,Production,ACTIVE
AST-CSE-010-077,CSE-010,SIEM Collector Node,MEDIUM,Telemetry Aggregation,Staging,ACTIVE
AST-CSE-010-078,CSE-010,Web Application Server,MEDIUM,Customer Portal,Staging,ACTIVE
AST-CSE-010-079,CSE-010,NextGen Firewall,LOW,Perimeter Defense,Production,ACTIVE
AST-CSE-010-080,CSE-010,SCADA RTU / PLC,LOW,Industrial Control Gateway,Production,ACTIVE
AST-CSE-010-081,CSE-010,Relational Database Server,LOW,Transactional Database,Staging,ACTIVE
AST-CSE-010-082,CSE-010,Relational Database Server,MEDIUM,Transactional Database,Staging,ACTIVE
AST-CSE-010-083,CSE-010,SCADA RTU / PLC,MEDIUM,Industrial Control Gateway,Production,ACTIVE
AST-CSE-010-084,CSE-010,SCADA RTU / PLC,LOW,Industrial Control Gateway,Production,ACTIVE
AST-CSE-010-085,CSE-010,Domain Controller (AD),MEDIUM,Identity and Access Management,Production,ACTIVE
AST-CSE-010-086,CSE-010,Core Banking Switch,LOW,Payment Processing Engine,Staging,ACTIVE
AST-CSE-010-087,CSE-010,Relational Database Server,MEDIUM,Transactional Database,DR,ACTIVE
AST-CSE-010-088,CSE-010,OT Engineering Workstation,LOW,Substation Automation,Staging,ACTIVE
AST-CSE-010-089,CSE-010,Web Application Server,MEDIUM,Customer Portal,Staging,ACTIVE
AST-CSE-010-090,CSE-010,SCADA RTU / PLC,LOW,Industrial Control Gateway,DR,ACTIVE
AST-CSE-010-091,CSE-010,Core Banking Switch,LOW,Payment Processing Engine,Staging,ACTIVE
AST-CSE-010-092,CSE-010,Core Banking Switch,MEDIUM,Payment Processing Engine,DR,ACTIVE
AST-CSE-010-093,CSE-010,SIEM Collector Node,LOW,Telemetry Aggregation,Staging,ACTIVE
AST-CSE-010-094,CSE-010,Core Banking Switch,LOW,Payment Processing Engine,Production,ACTIVE
AST-CSE-010-095,CSE-010,OT Engineering Workstation,LOW,Substation Automation,Staging,ACTIVE
AST-CSE-010-096,CSE-010,NextGen Firewall,LOW,Perimeter Defense,DR,ACTIVE
AST-CSE-010-097,CSE-010,Web Application Server,LOW,Customer Portal,Staging,ACTIVE
AST-CSE-010-098,CSE-010,SCADA RTU / PLC,LOW,Industrial Control Gateway,Production,ACTIVE
AST-CSE-010-099,CSE-010,Web Application Server,MEDIUM,Customer Portal,Production,ACTIVE
AST-CSE-010-100,CSE-010,Core Banking Switch,MEDIUM,Payment Processing Engine,Production,ACTIVE
AST-CSE-010-101,CSE-010,Core Banking Switch,LOW,Payment Processing Engine,DR,ACTIVE
AST-CSE-010-102,CSE-010,Relational Database Server,MEDIUM,Transactional Database,Staging,ACTIVE
AST-CSE-010-103,CSE-010,Core Banking Switch,MEDIUM,Payment Processing Engine,Production,ACTIVE
AST-CSE-010-104,CSE-010,Domain Controller (AD),LOW,Identity and Access Management,Production,ACTIVE
AST-CSE-010-105,CSE-010,SCADA RTU / PLC,LOW,Industrial Control Gateway,DR,ACTIVE
AST-CSE-010-106,CSE-010,NextGen Firewall,MEDIUM,Perimeter Defense,Staging,ACTIVE
AST-CSE-010-107,CSE-010,SIEM Collector Node,MEDIUM,Telemetry Aggregation,Production,ACTIVE
AST-CSE-011-001,CSE-011,SIEM Collector Node,CRITICAL,Telemetry Aggregation,Production,ACTIVE
AST-CSE-011-002,CSE-011,Relational Database Server,CRITICAL,Transactional Database,Production,ACTIVE
AST-CSE-011-003,CSE-011,OT Engineering Workstation,CRITICAL,Substation Automation,Production,ACTIVE
AST-CSE-011-004,CSE-011,SIEM Collector Node,CRITICAL,Telemetry Aggregation,Production,ACTIVE
AST-CSE-011-005,CSE-011,NextGen Firewall,CRITICAL,Perimeter Defense,Production,ACTIVE
AST-CSE-011-006,CSE-011,Core Banking Switch,CRITICAL,Payment Processing Engine,Production,ACTIVE
AST-CSE-011-007,CSE-011,Web Application Server,CRITICAL,Customer Portal,Production,ACTIVE
AST-CSE-011-008,CSE-011,Web Application Server,CRITICAL,Customer Portal,Production,ACTIVE
AST-CSE-011-009,CSE-011,OT Engineering Workstation,CRITICAL,Substation Automation,Production,ACTIVE
AST-CSE-011-010,CSE-011,OT Engineering Workstation,CRITICAL,Substation Automation,Production,ACTIVE
AST-CSE-011-011,CSE-011,Relational Database Server,CRITICAL,Transactional Database,Production,ACTIVE
AST-CSE-011-012,CSE-011,Relational Database Server,CRITICAL,Transactional Database,Production,ACTIVE
AST-CSE-011-013,CSE-011,Core Banking Switch,CRITICAL,Payment Processing Engine,Production,ACTIVE
AST-CSE-011-014,CSE-011,NextGen Firewall,CRITICAL,Perimeter Defense,Production,ACTIVE
AST-CSE-011-015,CSE-011,SIEM Collector Node,CRITICAL,Telemetry Aggregation,Production,ACTIVE
AST-CSE-011-016,CSE-011,SIEM Collector Node,CRITICAL,Telemetry Aggregation,Production,ACTIVE
AST-CSE-011-017,CSE-011,SIEM Collector Node,CRITICAL,Telemetry Aggregation,Production,ACTIVE
AST-CSE-011-018,CSE-011,NextGen Firewall,HIGH,Perimeter Defense,Production,ACTIVE
AST-CSE-011-019,CSE-011,Relational Database Server,HIGH,Transactional Database,Production,ACTIVE
AST-CSE-011-020,CSE-011,NextGen Firewall,HIGH,Perimeter Defense,Production,ACTIVE
AST-CSE-011-021,CSE-011,SCADA RTU / PLC,HIGH,Industrial Control Gateway,Production,ACTIVE
AST-CSE-011-022,CSE-011,Core Banking Switch,HIGH,Payment Processing Engine,Production,ACTIVE
AST-CSE-011-023,CSE-011,Relational Database Server,HIGH,Transactional Database,Production,ACTIVE
AST-CSE-011-024,CSE-011,Core Banking Switch,HIGH,Payment Processing Engine,Production,ACTIVE
AST-CSE-011-025,CSE-011,Domain Controller (AD),HIGH,Identity and Access Management,Production,ACTIVE
AST-CSE-011-026,CSE-011,SIEM Collector Node,HIGH,Telemetry Aggregation,Production,ACTIVE
AST-CSE-011-027,CSE-011,Relational Database Server,HIGH,Transactional Database,Production,ACTIVE
AST-CSE-011-028,CSE-011,NextGen Firewall,HIGH,Perimeter Defense,Production,ACTIVE
AST-CSE-011-029,CSE-011,SCADA RTU / PLC,HIGH,Industrial Control Gateway,Production,ACTIVE
AST-CSE-011-030,CSE-011,NextGen Firewall,HIGH,Perimeter Defense,Production,ACTIVE
AST-CSE-011-031,CSE-011,Domain Controller (AD),HIGH,Identity and Access Management,Production,ACTIVE
AST-CSE-011-032,CSE-011,Core Banking Switch,HIGH,Payment Processing Engine,Production,ACTIVE
AST-CSE-011-033,CSE-011,Web Application Server,HIGH,Customer Portal,Production,ACTIVE
AST-CSE-011-034,CSE-011,Core Banking Switch,HIGH,Payment Processing Engine,Production,ACTIVE
AST-CSE-011-035,CSE-011,SCADA RTU / PLC,HIGH,Industrial Control Gateway,Production,ACTIVE
AST-CSE-011-036,CSE-011,SIEM Collector Node,HIGH,Telemetry Aggregation,Production,ACTIVE
AST-CSE-011-037,CSE-011,OT Engineering Workstation,HIGH,Substation Automation,Production,ACTIVE
AST-CSE-011-038,CSE-011,Domain Controller (AD),HIGH,Identity and Access Management,Production,ACTIVE
AST-CSE-011-039,CSE-011,Core Banking Switch,HIGH,Payment Processing Engine,Production,ACTIVE
AST-CSE-011-040,CSE-011,Core Banking Switch,HIGH,Payment Processing Engine,Production,ACTIVE
AST-CSE-011-041,CSE-011,SIEM Collector Node,MEDIUM,Telemetry Aggregation,Production,ACTIVE
AST-CSE-011-042,CSE-011,Domain Controller (AD),MEDIUM,Identity and Access Management,Staging,ACTIVE
AST-CSE-011-043,CSE-011,Web Application Server,MEDIUM,Customer Portal,DR,ACTIVE
AST-CSE-011-044,CSE-011,OT Engineering Workstation,MEDIUM,Substation Automation,Production,ACTIVE
AST-CSE-011-045,CSE-011,SIEM Collector Node,LOW,Telemetry Aggregation,Staging,ACTIVE
AST-CSE-011-046,CSE-011,SCADA RTU / PLC,MEDIUM,Industrial Control Gateway,Staging,ACTIVE
AST-CSE-011-047,CSE-011,SIEM Collector Node,MEDIUM,Telemetry Aggregation,DR,ACTIVE
AST-CSE-011-048,CSE-011,OT Engineering Workstation,LOW,Substation Automation,DR,ACTIVE
AST-CSE-011-049,CSE-011,SCADA RTU / PLC,MEDIUM,Industrial Control Gateway,Production,ACTIVE
AST-CSE-011-050,CSE-011,Core Banking Switch,LOW,Payment Processing Engine,Staging,ACTIVE
AST-CSE-011-051,CSE-011,NextGen Firewall,MEDIUM,Perimeter Defense,Staging,ACTIVE
AST-CSE-011-052,CSE-011,SCADA RTU / PLC,LOW,Industrial Control Gateway,Production,ACTIVE
AST-CSE-011-053,CSE-011,Web Application Server,MEDIUM,Customer Portal,Staging,ACTIVE
AST-CSE-011-054,CSE-011,SCADA RTU / PLC,MEDIUM,Industrial Control Gateway,DR,ACTIVE
AST-CSE-011-055,CSE-011,Domain Controller (AD),LOW,Identity and Access Management,DR,ACTIVE
AST-CSE-011-056,CSE-011,Web Application Server,LOW,Customer Portal,Production,ACTIVE
AST-CSE-011-057,CSE-011,NextGen Firewall,LOW,Perimeter Defense,Production,ACTIVE
AST-CSE-011-058,CSE-011,NextGen Firewall,LOW,Perimeter Defense,Production,ACTIVE
AST-CSE-011-059,CSE-011,SIEM Collector Node,MEDIUM,Telemetry Aggregation,Production,ACTIVE
AST-CSE-011-060,CSE-011,Domain Controller (AD),LOW,Identity and Access Management,Staging,ACTIVE
AST-CSE-011-061,CSE-011,Relational Database Server,LOW,Transactional Database,Production,ACTIVE
AST-CSE-011-062,CSE-011,OT Engineering Workstation,MEDIUM,Substation Automation,Production,ACTIVE
AST-CSE-012-001,CSE-012,SIEM Collector Node,CRITICAL,Telemetry Aggregation,Production,ACTIVE
AST-CSE-012-002,CSE-012,Relational Database Server,CRITICAL,Transactional Database,Production,ACTIVE
AST-CSE-012-003,CSE-012,SIEM Collector Node,CRITICAL,Telemetry Aggregation,Production,ACTIVE
AST-CSE-012-004,CSE-012,OT Engineering Workstation,CRITICAL,Substation Automation,Production,ACTIVE
AST-CSE-012-005,CSE-012,SCADA RTU / PLC,CRITICAL,Industrial Control Gateway,Production,ACTIVE
AST-CSE-012-006,CSE-012,OT Engineering Workstation,CRITICAL,Substation Automation,Production,ACTIVE
AST-CSE-012-007,CSE-012,Core Banking Switch,CRITICAL,Payment Processing Engine,Production,ACTIVE
AST-CSE-012-008,CSE-012,Domain Controller (AD),CRITICAL,Identity and Access Management,Production,ACTIVE
AST-CSE-012-009,CSE-012,SIEM Collector Node,CRITICAL,Telemetry Aggregation,Production,ACTIVE
AST-CSE-012-010,CSE-012,SCADA RTU / PLC,CRITICAL,Industrial Control Gateway,Production,ACTIVE
AST-CSE-012-011,CSE-012,Relational Database Server,CRITICAL,Transactional Database,Production,ACTIVE
AST-CSE-012-012,CSE-012,Relational Database Server,CRITICAL,Transactional Database,Production,ACTIVE
AST-CSE-012-013,CSE-012,SCADA RTU / PLC,CRITICAL,Industrial Control Gateway,Production,ACTIVE
AST-CSE-012-014,CSE-012,Relational Database Server,CRITICAL,Transactional Database,Production,ACTIVE
AST-CSE-012-015,CSE-012,Web Application Server,CRITICAL,Customer Portal,Production,ACTIVE
AST-CSE-012-016,CSE-012,OT Engineering Workstation,CRITICAL,Substation Automation,Production,ACTIVE
AST-CSE-012-017,CSE-012,NextGen Firewall,CRITICAL,Perimeter Defense,Production,ACTIVE
AST-CSE-012-018,CSE-012,SCADA RTU / PLC,CRITICAL,Industrial Control Gateway,Production,ACTIVE
AST-CSE-012-019,CSE-012,SIEM Collector Node,CRITICAL,Telemetry Aggregation,Production,ACTIVE
AST-CSE-012-020,CSE-012,Domain Controller (AD),CRITICAL,Identity and Access Management,Production,ACTIVE
AST-CSE-012-021,CSE-012,Domain Controller (AD),CRITICAL,Identity and Access Management,Production,ACTIVE
AST-CSE-012-022,CSE-012,NextGen Firewall,CRITICAL,Perimeter Defense,Production,ACTIVE
AST-CSE-012-023,CSE-012,NextGen Firewall,CRITICAL,Perimeter Defense,Production,ACTIVE
AST-CSE-012-024,CSE-012,SIEM Collector Node,CRITICAL,Telemetry Aggregation,Production,ACTIVE
AST-CSE-012-025,CSE-012,Domain Controller (AD),CRITICAL,Identity and Access Management,Production,ACTIVE
AST-CSE-012-026,CSE-012,SIEM Collector Node,CRITICAL,Telemetry Aggregation,Production,ACTIVE
AST-CSE-012-027,CSE-012,OT Engineering Workstation,CRITICAL,Substation Automation,Production,ACTIVE
AST-CSE-012-028,CSE-012,NextGen Firewall,HIGH,Perimeter Defense,Production,ACTIVE
AST-CSE-012-029,CSE-012,Web Application Server,HIGH,Customer Portal,Production,ACTIVE
AST-CSE-012-030,CSE-012,Relational Database Server,HIGH,Transactional Database,Production,ACTIVE
AST-CSE-012-031,CSE-012,SIEM Collector Node,HIGH,Telemetry Aggregation,Production,ACTIVE
AST-CSE-012-032,CSE-012,Web Application Server,HIGH,Customer Portal,Production,ACTIVE
AST-CSE-012-033,CSE-012,Web Application Server,HIGH,Customer Portal,Production,ACTIVE
AST-CSE-012-034,CSE-012,SIEM Collector Node,HIGH,Telemetry Aggregation,Production,ACTIVE
AST-CSE-012-035,CSE-012,Web Application Server,HIGH,Customer Portal,Production,ACTIVE
AST-CSE-012-036,CSE-012,SIEM Collector Node,HIGH,Telemetry Aggregation,Production,ACTIVE
AST-CSE-012-037,CSE-012,SIEM Collector Node,HIGH,Telemetry Aggregation,Production,ACTIVE
AST-CSE-012-038,CSE-012,Web Application Server,HIGH,Customer Portal,Production,ACTIVE
AST-CSE-012-039,CSE-012,SIEM Collector Node,HIGH,Telemetry Aggregation,Production,ACTIVE
AST-CSE-012-040,CSE-012,OT Engineering Workstation,HIGH,Substation Automation,Production,ACTIVE
AST-CSE-012-041,CSE-012,Relational Database Server,HIGH,Transactional Database,Production,ACTIVE
AST-CSE-012-042,CSE-012,SCADA RTU / PLC,HIGH,Industrial Control Gateway,Production,ACTIVE
AST-CSE-012-043,CSE-012,OT Engineering Workstation,HIGH,Substation Automation,Production,ACTIVE
AST-CSE-012-044,CSE-012,Domain Controller (AD),HIGH,Identity and Access Management,Production,ACTIVE
AST-CSE-012-045,CSE-012,SCADA RTU / PLC,HIGH,Industrial Control Gateway,Production,ACTIVE
AST-CSE-012-046,CSE-012,OT Engineering Workstation,HIGH,Substation Automation,Production,ACTIVE
AST-CSE-012-047,CSE-012,Core Banking Switch,HIGH,Payment Processing Engine,Production,ACTIVE
AST-CSE-012-048,CSE-012,Core Banking Switch,HIGH,Payment Processing Engine,Production,ACTIVE
AST-CSE-012-049,CSE-012,Core Banking Switch,HIGH,Payment Processing Engine,Production,ACTIVE
AST-CSE-012-050,CSE-012,Domain Controller (AD),HIGH,Identity and Access Management,Production,ACTIVE
AST-CSE-012-051,CSE-012,Relational Database Server,HIGH,Transactional Database,Production,ACTIVE
AST-CSE-012-052,CSE-012,SCADA RTU / PLC,HIGH,Industrial Control Gateway,Production,ACTIVE
AST-CSE-012-053,CSE-012,NextGen Firewall,HIGH,Perimeter Defense,Production,ACTIVE
AST-CSE-012-054,CSE-012,Core Banking Switch,HIGH,Payment Processing Engine,Production,ACTIVE
AST-CSE-012-055,CSE-012,Core Banking Switch,HIGH,Payment Processing Engine,Production,ACTIVE
AST-CSE-012-056,CSE-012,Relational Database Server,HIGH,Transactional Database,Production,ACTIVE
AST-CSE-012-057,CSE-012,Domain Controller (AD),HIGH,Identity and Access Management,Production,ACTIVE
AST-CSE-012-058,CSE-012,Core Banking Switch,HIGH,Payment Processing Engine,Production,ACTIVE
AST-CSE-012-059,CSE-012,OT Engineering Workstation,HIGH,Substation Automation,Production,ACTIVE
AST-CSE-012-060,CSE-012,Domain Controller (AD),HIGH,Identity and Access Management,Production,ACTIVE
AST-CSE-012-061,CSE-012,Relational Database Server,HIGH,Transactional Database,Production,ACTIVE
AST-CSE-012-062,CSE-012,Domain Controller (AD),HIGH,Identity and Access Management,Production,ACTIVE
AST-CSE-012-063,CSE-012,Web Application Server,HIGH,Customer Portal,Production,ACTIVE
AST-CSE-012-064,CSE-012,Relational Database Server,MEDIUM,Transactional Database,Staging,ACTIVE
AST-CSE-012-065,CSE-012,Relational Database Server,MEDIUM,Transactional Database,DR,ACTIVE
AST-CSE-012-066,CSE-012,OT Engineering Workstation,LOW,Substation Automation,DR,ACTIVE
AST-CSE-012-067,CSE-012,SIEM Collector Node,LOW,Telemetry Aggregation,Staging,ACTIVE
AST-CSE-012-068,CSE-012,OT Engineering Workstation,LOW,Substation Automation,DR,ACTIVE
AST-CSE-012-069,CSE-012,SCADA RTU / PLC,LOW,Industrial Control Gateway,Production,ACTIVE
AST-CSE-012-070,CSE-012,NextGen Firewall,MEDIUM,Perimeter Defense,Staging,ACTIVE
AST-CSE-012-071,CSE-012,Domain Controller (AD),LOW,Identity and Access Management,Production,ACTIVE
AST-CSE-012-072,CSE-012,NextGen Firewall,LOW,Perimeter Defense,Production,ACTIVE
AST-CSE-012-073,CSE-012,NextGen Firewall,MEDIUM,Perimeter Defense,Staging,ACTIVE
AST-CSE-012-074,CSE-012,Web Application Server,LOW,Customer Portal,Staging,ACTIVE
AST-CSE-012-075,CSE-012,Core Banking Switch,MEDIUM,Payment Processing Engine,Production,ACTIVE
AST-CSE-012-076,CSE-012,SIEM Collector Node,MEDIUM,Telemetry Aggregation,Production,ACTIVE
AST-CSE-012-077,CSE-012,Relational Database Server,MEDIUM,Transactional Database,DR,ACTIVE
AST-CSE-012-078,CSE-012,Web Application Server,MEDIUM,Customer Portal,Staging,ACTIVE
AST-CSE-012-079,CSE-012,OT Engineering Workstation,LOW,Substation Automation,Staging,ACTIVE
AST-CSE-012-080,CSE-012,SIEM Collector Node,MEDIUM,Telemetry Aggregation,DR,ACTIVE
AST-CSE-012-081,CSE-012,Web Application Server,LOW,Customer Portal,DR,ACTIVE
AST-CSE-012-082,CSE-012,SIEM Collector Node,MEDIUM,Telemetry Aggregation,Production,ACTIVE
AST-CSE-012-083,CSE-012,Core Banking Switch,LOW,Payment Processing Engine,Production,ACTIVE
AST-CSE-012-084,CSE-012,NextGen Firewall,MEDIUM,Perimeter Defense,Staging,ACTIVE
AST-CSE-012-085,CSE-012,SCADA RTU / PLC,LOW,Industrial Control Gateway,DR,ACTIVE
AST-CSE-012-086,CSE-012,SCADA RTU / PLC,LOW,Industrial Control Gateway,Staging,ACTIVE
AST-CSE-012-087,CSE-012,SIEM Collector Node,MEDIUM,Telemetry Aggregation,Staging,ACTIVE
AST-CSE-012-088,CSE-012,NextGen Firewall,LOW,Perimeter Defense,Production,ACTIVE
AST-CSE-012-089,CSE-012,Web Application Server,MEDIUM,Customer Portal,Production,ACTIVE
AST-CSE-012-090,CSE-012,NextGen Firewall,LOW,Perimeter Defense,DR,ACTIVE
AST-CSE-012-091,CSE-012,Domain Controller (AD),LOW,Identity and Access Management,Staging,ACTIVE
AST-CSE-012-092,CSE-012,SIEM Collector Node,MEDIUM,Telemetry Aggregation,Production,ACTIVE
AST-CSE-012-093,CSE-012,Relational Database Server,LOW,Transactional Database,Staging,ACTIVE
AST-CSE-012-094,CSE-012,Web Application Server,LOW,Customer Portal,Production,ACTIVE
AST-CSE-012-095,CSE-012,OT Engineering Workstation,LOW,Substation Automation,DR,ACTIVE
AST-CSE-012-096,CSE-012,Domain Controller (AD),LOW,Identity and Access Management,DR,ACTIVE
AST-CSE-012-097,CSE-012,OT Engineering Workstation,LOW,Substation Automation,DR,ACTIVE
AST-CSE-013-001,CSE-013,Domain Controller (AD),CRITICAL,Identity and Access Management,Production,ACTIVE
AST-CSE-013-002,CSE-013,OT Engineering Workstation,CRITICAL,Substation Automation,Production,ACTIVE
AST-CSE-013-003,CSE-013,Relational Database Server,CRITICAL,Transactional Database,Production,ACTIVE
AST-CSE-013-004,CSE-013,Domain Controller (AD),CRITICAL,Identity and Access Management,Production,ACTIVE
AST-CSE-013-005,CSE-013,OT Engineering Workstation,CRITICAL,Substation Automation,Production,ACTIVE
AST-CSE-013-006,CSE-013,Relational Database Server,CRITICAL,Transactional Database,Production,ACTIVE
AST-CSE-013-007,CSE-013,Core Banking Switch,CRITICAL,Payment Processing Engine,Production,ACTIVE
AST-CSE-013-008,CSE-013,Relational Database Server,CRITICAL,Transactional Database,Production,ACTIVE
AST-CSE-013-009,CSE-013,NextGen Firewall,CRITICAL,Perimeter Defense,Production,ACTIVE
AST-CSE-013-010,CSE-013,OT Engineering Workstation,CRITICAL,Substation Automation,Production,ACTIVE
AST-CSE-013-011,CSE-013,SCADA RTU / PLC,CRITICAL,Industrial Control Gateway,Production,ACTIVE
AST-CSE-013-012,CSE-013,SIEM Collector Node,CRITICAL,Telemetry Aggregation,Production,ACTIVE
AST-CSE-013-013,CSE-013,Relational Database Server,CRITICAL,Transactional Database,Production,ACTIVE
AST-CSE-013-014,CSE-013,Relational Database Server,CRITICAL,Transactional Database,Production,ACTIVE
AST-CSE-013-015,CSE-013,SCADA RTU / PLC,CRITICAL,Industrial Control Gateway,Production,ACTIVE
AST-CSE-013-016,CSE-013,NextGen Firewall,CRITICAL,Perimeter Defense,Production,ACTIVE
AST-CSE-013-017,CSE-013,OT Engineering Workstation,CRITICAL,Substation Automation,Production,ACTIVE
AST-CSE-013-018,CSE-013,Domain Controller (AD),CRITICAL,Identity and Access Management,Production,ACTIVE
AST-CSE-013-019,CSE-013,Domain Controller (AD),CRITICAL,Identity and Access Management,Production,ACTIVE
AST-CSE-013-020,CSE-013,Core Banking Switch,CRITICAL,Payment Processing Engine,Production,ACTIVE
AST-CSE-013-021,CSE-013,SCADA RTU / PLC,CRITICAL,Industrial Control Gateway,Production,ACTIVE
AST-CSE-013-022,CSE-013,SCADA RTU / PLC,CRITICAL,Industrial Control Gateway,Production,ACTIVE
AST-CSE-013-023,CSE-013,SIEM Collector Node,CRITICAL,Telemetry Aggregation,Production,ACTIVE
AST-CSE-013-024,CSE-013,Web Application Server,CRITICAL,Customer Portal,Production,ACTIVE
AST-CSE-013-025,CSE-013,SIEM Collector Node,HIGH,Telemetry Aggregation,Production,ACTIVE
AST-CSE-013-026,CSE-013,Web Application Server,HIGH,Customer Portal,Production,ACTIVE
AST-CSE-013-027,CSE-013,SIEM Collector Node,HIGH,Telemetry Aggregation,Production,ACTIVE
AST-CSE-013-028,CSE-013,NextGen Firewall,HIGH,Perimeter Defense,Production,ACTIVE
AST-CSE-013-029,CSE-013,NextGen Firewall,HIGH,Perimeter Defense,Production,ACTIVE
AST-CSE-013-030,CSE-013,Web Application Server,HIGH,Customer Portal,Production,ACTIVE
AST-CSE-013-031,CSE-013,Core Banking Switch,HIGH,Payment Processing Engine,Production,ACTIVE
AST-CSE-013-032,CSE-013,OT Engineering Workstation,HIGH,Substation Automation,Production,ACTIVE
AST-CSE-013-033,CSE-013,SCADA RTU / PLC,HIGH,Industrial Control Gateway,Production,ACTIVE
AST-CSE-013-034,CSE-013,NextGen Firewall,HIGH,Perimeter Defense,Production,ACTIVE
AST-CSE-013-035,CSE-013,OT Engineering Workstation,HIGH,Substation Automation,Production,ACTIVE
AST-CSE-013-036,CSE-013,Relational Database Server,HIGH,Transactional Database,Production,ACTIVE
AST-CSE-013-037,CSE-013,Relational Database Server,HIGH,Transactional Database,Production,ACTIVE
AST-CSE-013-038,CSE-013,Core Banking Switch,HIGH,Payment Processing Engine,Production,ACTIVE
AST-CSE-013-039,CSE-013,OT Engineering Workstation,HIGH,Substation Automation,Production,ACTIVE
AST-CSE-013-040,CSE-013,NextGen Firewall,HIGH,Perimeter Defense,Production,ACTIVE
AST-CSE-013-041,CSE-013,SCADA RTU / PLC,HIGH,Industrial Control Gateway,Production,ACTIVE
AST-CSE-013-042,CSE-013,SIEM Collector Node,HIGH,Telemetry Aggregation,Production,ACTIVE
AST-CSE-013-043,CSE-013,Core Banking Switch,HIGH,Payment Processing Engine,Production,ACTIVE
AST-CSE-013-044,CSE-013,OT Engineering Workstation,HIGH,Substation Automation,Production,ACTIVE
AST-CSE-013-045,CSE-013,SCADA RTU / PLC,HIGH,Industrial Control Gateway,Production,ACTIVE
AST-CSE-013-046,CSE-013,SCADA RTU / PLC,HIGH,Industrial Control Gateway,Production,ACTIVE
AST-CSE-013-047,CSE-013,NextGen Firewall,HIGH,Perimeter Defense,Production,ACTIVE
AST-CSE-013-048,CSE-013,OT Engineering Workstation,HIGH,Substation Automation,Production,ACTIVE
AST-CSE-013-049,CSE-013,Domain Controller (AD),HIGH,Identity and Access Management,Production,ACTIVE
AST-CSE-013-050,CSE-013,NextGen Firewall,HIGH,Perimeter Defense,Production,ACTIVE
AST-CSE-013-051,CSE-013,Relational Database Server,HIGH,Transactional Database,Production,ACTIVE
AST-CSE-013-052,CSE-013,Relational Database Server,HIGH,Transactional Database,Production,ACTIVE
AST-CSE-013-053,CSE-013,Relational Database Server,HIGH,Transactional Database,Production,ACTIVE
AST-CSE-013-054,CSE-013,Domain Controller (AD),HIGH,Identity and Access Management,Production,ACTIVE
AST-CSE-013-055,CSE-013,Relational Database Server,HIGH,Transactional Database,Production,ACTIVE
AST-CSE-013-056,CSE-013,Core Banking Switch,LOW,Payment Processing Engine,Production,ACTIVE
AST-CSE-013-057,CSE-013,OT Engineering Workstation,LOW,Substation Automation,DR,ACTIVE
AST-CSE-013-058,CSE-013,Relational Database Server,LOW,Transactional Database,DR,ACTIVE
AST-CSE-013-059,CSE-013,Web Application Server,MEDIUM,Customer Portal,Staging,ACTIVE
AST-CSE-013-060,CSE-013,SCADA RTU / PLC,MEDIUM,Industrial Control Gateway,Production,ACTIVE
AST-CSE-013-061,CSE-013,NextGen Firewall,MEDIUM,Perimeter Defense,Production,ACTIVE
AST-CSE-013-062,CSE-013,Core Banking Switch,MEDIUM,Payment Processing Engine,Production,ACTIVE
AST-CSE-013-063,CSE-013,NextGen Firewall,LOW,Perimeter Defense,DR,ACTIVE
AST-CSE-013-064,CSE-013,NextGen Firewall,MEDIUM,Perimeter Defense,Production,ACTIVE
AST-CSE-013-065,CSE-013,Domain Controller (AD),LOW,Identity and Access Management,Staging,ACTIVE
AST-CSE-013-066,CSE-013,NextGen Firewall,MEDIUM,Perimeter Defense,Staging,ACTIVE
AST-CSE-013-067,CSE-013,Domain Controller (AD),LOW,Identity and Access Management,Production,ACTIVE
AST-CSE-013-068,CSE-013,NextGen Firewall,MEDIUM,Perimeter Defense,DR,ACTIVE
AST-CSE-013-069,CSE-013,Relational Database Server,LOW,Transactional Database,Production,ACTIVE
AST-CSE-013-070,CSE-013,NextGen Firewall,LOW,Perimeter Defense,Staging,ACTIVE
AST-CSE-013-071,CSE-013,Relational Database Server,MEDIUM,Transactional Database,DR,ACTIVE
AST-CSE-013-072,CSE-013,SCADA RTU / PLC,MEDIUM,Industrial Control Gateway,Production,ACTIVE
AST-CSE-013-073,CSE-013,Relational Database Server,MEDIUM,Transactional Database,Production,ACTIVE
AST-CSE-013-074,CSE-013,OT Engineering Workstation,LOW,Substation Automation,Production,ACTIVE
AST-CSE-013-075,CSE-013,SIEM Collector Node,MEDIUM,Telemetry Aggregation,DR,ACTIVE
AST-CSE-013-076,CSE-013,Relational Database Server,MEDIUM,Transactional Database,Production,ACTIVE
AST-CSE-013-077,CSE-013,SCADA RTU / PLC,LOW,Industrial Control Gateway,Staging,ACTIVE
AST-CSE-013-078,CSE-013,NextGen Firewall,LOW,Perimeter Defense,Staging,ACTIVE
AST-CSE-013-079,CSE-013,Domain Controller (AD),MEDIUM,Identity and Access Management,Production,ACTIVE
AST-CSE-013-080,CSE-013,SCADA RTU / PLC,LOW,Industrial Control Gateway,Staging,ACTIVE
AST-CSE-013-081,CSE-013,Relational Database Server,MEDIUM,Transactional Database,Production,ACTIVE
AST-CSE-013-082,CSE-013,Web Application Server,LOW,Customer Portal,Production,ACTIVE
AST-CSE-013-083,CSE-013,SCADA RTU / PLC,MEDIUM,Industrial Control Gateway,DR,ACTIVE
AST-CSE-013-084,CSE-013,Relational Database Server,MEDIUM,Transactional Database,DR,ACTIVE
AST-CSE-013-085,CSE-013,Web Application Server,MEDIUM,Customer Portal,Staging,ACTIVE
AST-CSE-013-086,CSE-013,Core Banking Switch,MEDIUM,Payment Processing Engine,Staging,ACTIVE
AST-CSE-014-001,CSE-014,Core Banking Switch,CRITICAL,Payment Processing Engine,Production,ACTIVE
AST-CSE-014-002,CSE-014,SCADA RTU / PLC,CRITICAL,Industrial Control Gateway,Production,ACTIVE
AST-CSE-014-003,CSE-014,Relational Database Server,CRITICAL,Transactional Database,Production,ACTIVE
AST-CSE-014-004,CSE-014,NextGen Firewall,CRITICAL,Perimeter Defense,Production,ACTIVE
AST-CSE-014-005,CSE-014,Relational Database Server,CRITICAL,Transactional Database,Production,ACTIVE
AST-CSE-014-006,CSE-014,OT Engineering Workstation,CRITICAL,Substation Automation,Production,ACTIVE
AST-CSE-014-007,CSE-014,NextGen Firewall,CRITICAL,Perimeter Defense,Production,ACTIVE
AST-CSE-014-008,CSE-014,Domain Controller (AD),CRITICAL,Identity and Access Management,Production,ACTIVE
AST-CSE-014-009,CSE-014,Core Banking Switch,CRITICAL,Payment Processing Engine,Production,ACTIVE
AST-CSE-014-010,CSE-014,Web Application Server,CRITICAL,Customer Portal,Production,ACTIVE
AST-CSE-014-011,CSE-014,OT Engineering Workstation,CRITICAL,Substation Automation,Production,ACTIVE
AST-CSE-014-012,CSE-014,Core Banking Switch,CRITICAL,Payment Processing Engine,Production,ACTIVE
AST-CSE-014-013,CSE-014,Relational Database Server,CRITICAL,Transactional Database,Production,ACTIVE
AST-CSE-014-014,CSE-014,Domain Controller (AD),CRITICAL,Identity and Access Management,Production,ACTIVE
AST-CSE-014-015,CSE-014,Domain Controller (AD),CRITICAL,Identity and Access Management,Production,ACTIVE
AST-CSE-014-016,CSE-014,Domain Controller (AD),CRITICAL,Identity and Access Management,Production,ACTIVE
AST-CSE-014-017,CSE-014,SCADA RTU / PLC,CRITICAL,Industrial Control Gateway,Production,ACTIVE
AST-CSE-014-018,CSE-014,SIEM Collector Node,CRITICAL,Telemetry Aggregation,Production,ACTIVE
AST-CSE-014-019,CSE-014,OT Engineering Workstation,CRITICAL,Substation Automation,Production,ACTIVE
AST-CSE-014-020,CSE-014,Relational Database Server,CRITICAL,Transactional Database,Production,ACTIVE
AST-CSE-014-021,CSE-014,Domain Controller (AD),CRITICAL,Identity and Access Management,Production,ACTIVE
AST-CSE-014-022,CSE-014,Domain Controller (AD),CRITICAL,Identity and Access Management,Production,ACTIVE
AST-CSE-014-023,CSE-014,SCADA RTU / PLC,CRITICAL,Industrial Control Gateway,Production,ACTIVE
AST-CSE-014-024,CSE-014,Domain Controller (AD),CRITICAL,Identity and Access Management,Production,ACTIVE
AST-CSE-014-025,CSE-014,Core Banking Switch,CRITICAL,Payment Processing Engine,Production,ACTIVE
AST-CSE-014-026,CSE-014,NextGen Firewall,CRITICAL,Perimeter Defense,Production,ACTIVE
AST-CSE-014-027,CSE-014,SCADA RTU / PLC,CRITICAL,Industrial Control Gateway,Production,ACTIVE
AST-CSE-014-028,CSE-014,OT Engineering Workstation,CRITICAL,Substation Automation,Production,ACTIVE
AST-CSE-014-029,CSE-014,Domain Controller (AD),CRITICAL,Identity and Access Management,Production,ACTIVE
AST-CSE-014-030,CSE-014,Relational Database Server,CRITICAL,Transactional Database,Production,ACTIVE
AST-CSE-014-031,CSE-014,OT Engineering Workstation,CRITICAL,Substation Automation,Production,ACTIVE
AST-CSE-014-032,CSE-014,Web Application Server,CRITICAL,Customer Portal,Production,ACTIVE
AST-CSE-014-033,CSE-014,SCADA RTU / PLC,CRITICAL,Industrial Control Gateway,Production,ACTIVE
AST-CSE-014-034,CSE-014,Domain Controller (AD),CRITICAL,Identity and Access Management,Production,ACTIVE
AST-CSE-014-035,CSE-014,SIEM Collector Node,CRITICAL,Telemetry Aggregation,Production,ACTIVE
AST-CSE-014-036,CSE-014,OT Engineering Workstation,CRITICAL,Substation Automation,Production,ACTIVE
AST-CSE-014-037,CSE-014,Domain Controller (AD),CRITICAL,Identity and Access Management,Production,ACTIVE
AST-CSE-014-038,CSE-014,Relational Database Server,CRITICAL,Transactional Database,Production,ACTIVE
AST-CSE-014-039,CSE-014,OT Engineering Workstation,CRITICAL,Substation Automation,Production,ACTIVE
AST-CSE-014-040,CSE-014,Core Banking Switch,CRITICAL,Payment Processing Engine,Production,ACTIVE
AST-CSE-014-041,CSE-014,Domain Controller (AD),CRITICAL,Identity and Access Management,Production,ACTIVE
AST-CSE-014-042,CSE-014,OT Engineering Workstation,CRITICAL,Substation Automation,Production,ACTIVE
AST-CSE-014-043,CSE-014,Core Banking Switch,CRITICAL,Payment Processing Engine,Production,ACTIVE
AST-CSE-014-044,CSE-014,Relational Database Server,CRITICAL,Transactional Database,Production,ACTIVE
AST-CSE-014-045,CSE-014,SIEM Collector Node,CRITICAL,Telemetry Aggregation,Production,ACTIVE
AST-CSE-014-046,CSE-014,SIEM Collector Node,CRITICAL,Telemetry Aggregation,Production,ACTIVE
AST-CSE-014-047,CSE-014,Core Banking Switch,CRITICAL,Payment Processing Engine,Production,ACTIVE
AST-CSE-014-048,CSE-014,Domain Controller (AD),CRITICAL,Identity and Access Management,Production,ACTIVE
AST-CSE-014-049,CSE-014,Core Banking Switch,CRITICAL,Payment Processing Engine,Production,ACTIVE
AST-CSE-014-050,CSE-014,Core Banking Switch,CRITICAL,Payment Processing Engine,Production,ACTIVE
AST-CSE-014-051,CSE-014,Relational Database Server,CRITICAL,Transactional Database,Production,ACTIVE
AST-CSE-014-052,CSE-014,Web Application Server,CRITICAL,Customer Portal,Production,ACTIVE
AST-CSE-014-053,CSE-014,Web Application Server,CRITICAL,Customer Portal,Production,ACTIVE
AST-CSE-014-054,CSE-014,Domain Controller (AD),CRITICAL,Identity and Access Management,Production,ACTIVE
AST-CSE-014-055,CSE-014,Domain Controller (AD),CRITICAL,Identity and Access Management,Production,ACTIVE
AST-CSE-014-056,CSE-014,Domain Controller (AD),CRITICAL,Identity and Access Management,Production,ACTIVE
AST-CSE-014-057,CSE-014,Web Application Server,CRITICAL,Customer Portal,Production,ACTIVE
AST-CSE-014-058,CSE-014,SCADA RTU / PLC,CRITICAL,Industrial Control Gateway,Production,ACTIVE
AST-CSE-014-059,CSE-014,Core Banking Switch,CRITICAL,Payment Processing Engine,Production,ACTIVE
AST-CSE-014-060,CSE-014,OT Engineering Workstation,CRITICAL,Substation Automation,Production,ACTIVE
AST-CSE-014-061,CSE-014,NextGen Firewall,CRITICAL,Perimeter Defense,Production,ACTIVE
AST-CSE-014-062,CSE-014,SIEM Collector Node,CRITICAL,Telemetry Aggregation,Production,ACTIVE
AST-CSE-014-063,CSE-014,SIEM Collector Node,CRITICAL,Telemetry Aggregation,Production,ACTIVE
AST-CSE-014-064,CSE-014,NextGen Firewall,CRITICAL,Perimeter Defense,Production,ACTIVE
AST-CSE-014-065,CSE-014,NextGen Firewall,CRITICAL,Perimeter Defense,Production,ACTIVE
AST-CSE-014-066,CSE-014,Relational Database Server,HIGH,Transactional Database,Production,ACTIVE
AST-CSE-014-067,CSE-014,OT Engineering Workstation,HIGH,Substation Automation,Production,ACTIVE
AST-CSE-014-068,CSE-014,Domain Controller (AD),HIGH,Identity and Access Management,Production,ACTIVE
AST-CSE-014-069,CSE-014,Domain Controller (AD),HIGH,Identity and Access Management,Production,ACTIVE
AST-CSE-014-070,CSE-014,Web Application Server,HIGH,Customer Portal,Production,ACTIVE
AST-CSE-014-071,CSE-014,NextGen Firewall,HIGH,Perimeter Defense,Production,ACTIVE
AST-CSE-014-072,CSE-014,SCADA RTU / PLC,HIGH,Industrial Control Gateway,Production,ACTIVE
AST-CSE-014-073,CSE-014,OT Engineering Workstation,HIGH,Substation Automation,Production,ACTIVE
AST-CSE-014-074,CSE-014,Core Banking Switch,HIGH,Payment Processing Engine,Production,ACTIVE
AST-CSE-014-075,CSE-014,Relational Database Server,HIGH,Transactional Database,Production,ACTIVE
AST-CSE-014-076,CSE-014,OT Engineering Workstation,HIGH,Substation Automation,Production,ACTIVE
AST-CSE-014-077,CSE-014,SCADA RTU / PLC,HIGH,Industrial Control Gateway,Production,ACTIVE
AST-CSE-014-078,CSE-014,Core Banking Switch,HIGH,Payment Processing Engine,Production,ACTIVE
AST-CSE-014-079,CSE-014,SIEM Collector Node,HIGH,Telemetry Aggregation,Production,ACTIVE
AST-CSE-014-080,CSE-014,Domain Controller (AD),HIGH,Identity and Access Management,Production,ACTIVE
AST-CSE-014-081,CSE-014,Domain Controller (AD),HIGH,Identity and Access Management,Production,ACTIVE
AST-CSE-014-082,CSE-014,SIEM Collector Node,HIGH,Telemetry Aggregation,Production,ACTIVE
AST-CSE-014-083,CSE-014,OT Engineering Workstation,HIGH,Substation Automation,Production,ACTIVE
AST-CSE-014-084,CSE-014,OT Engineering Workstation,HIGH,Substation Automation,Production,ACTIVE
AST-CSE-014-085,CSE-014,OT Engineering Workstation,HIGH,Substation Automation,Production,ACTIVE
AST-CSE-014-086,CSE-014,Relational Database Server,HIGH,Transactional Database,Production,ACTIVE
AST-CSE-014-087,CSE-014,SCADA RTU / PLC,HIGH,Industrial Control Gateway,Production,ACTIVE
AST-CSE-014-088,CSE-014,Core Banking Switch,HIGH,Payment Processing Engine,Production,ACTIVE
AST-CSE-014-089,CSE-014,OT Engineering Workstation,HIGH,Substation Automation,Production,ACTIVE
AST-CSE-014-090,CSE-014,NextGen Firewall,HIGH,Perimeter Defense,Production,ACTIVE
AST-CSE-014-091,CSE-014,SIEM Collector Node,HIGH,Telemetry Aggregation,Production,ACTIVE
AST-CSE-014-092,CSE-014,SCADA RTU / PLC,HIGH,Industrial Control Gateway,Production,ACTIVE
AST-CSE-014-093,CSE-014,SCADA RTU / PLC,HIGH,Industrial Control Gateway,Production,ACTIVE
AST-CSE-014-094,CSE-014,NextGen Firewall,HIGH,Perimeter Defense,Production,ACTIVE
AST-CSE-014-095,CSE-014,NextGen Firewall,HIGH,Perimeter Defense,Production,ACTIVE
AST-CSE-014-096,CSE-014,SIEM Collector Node,HIGH,Telemetry Aggregation,Production,ACTIVE
AST-CSE-014-097,CSE-014,Core Banking Switch,HIGH,Payment Processing Engine,Production,ACTIVE
AST-CSE-014-098,CSE-014,NextGen Firewall,HIGH,Perimeter Defense,Production,ACTIVE
AST-CSE-014-099,CSE-014,NextGen Firewall,HIGH,Perimeter Defense,Production,ACTIVE
AST-CSE-014-100,CSE-014,OT Engineering Workstation,HIGH,Substation Automation,Production,ACTIVE
AST-CSE-014-101,CSE-014,Domain Controller (AD),MEDIUM,Identity and Access Management,Staging,ACTIVE
AST-CSE-014-102,CSE-014,SCADA RTU / PLC,MEDIUM,Industrial Control Gateway,Staging,ACTIVE
AST-CSE-014-103,CSE-014,Web Application Server,MEDIUM,Customer Portal,DR,ACTIVE
AST-CSE-014-104,CSE-014,Domain Controller (AD),MEDIUM,Identity and Access Management,DR,ACTIVE
AST-CSE-014-105,CSE-014,Web Application Server,MEDIUM,Customer Portal,Production,ACTIVE
AST-CSE-014-106,CSE-014,Relational Database Server,MEDIUM,Transactional Database,Staging,ACTIVE
AST-CSE-014-107,CSE-014,Relational Database Server,MEDIUM,Transactional Database,DR,ACTIVE
AST-CSE-014-108,CSE-014,Core Banking Switch,MEDIUM,Payment Processing Engine,Production,ACTIVE
AST-CSE-014-109,CSE-014,Relational Database Server,MEDIUM,Transactional Database,DR,ACTIVE
AST-CSE-014-110,CSE-014,SCADA RTU / PLC,MEDIUM,Industrial Control Gateway,DR,ACTIVE
AST-CSE-014-111,CSE-014,SCADA RTU / PLC,MEDIUM,Industrial Control Gateway,Production,ACTIVE
AST-CSE-014-112,CSE-014,SIEM Collector Node,MEDIUM,Telemetry Aggregation,DR,ACTIVE
AST-CSE-014-113,CSE-014,Web Application Server,MEDIUM,Customer Portal,Staging,ACTIVE
AST-CSE-014-114,CSE-014,Relational Database Server,MEDIUM,Transactional Database,DR,ACTIVE
AST-CSE-014-115,CSE-014,Relational Database Server,MEDIUM,Transactional Database,DR,ACTIVE
AST-CSE-014-116,CSE-014,Relational Database Server,MEDIUM,Transactional Database,Staging,ACTIVE
AST-CSE-014-117,CSE-014,Relational Database Server,MEDIUM,Transactional Database,Production,ACTIVE
AST-CSE-014-118,CSE-014,NextGen Firewall,MEDIUM,Perimeter Defense,DR,ACTIVE
AST-CSE-014-119,CSE-014,OT Engineering Workstation,MEDIUM,Substation Automation,Staging,ACTIVE
AST-CSE-014-120,CSE-014,Relational Database Server,MEDIUM,Transactional Database,Production,ACTIVE
AST-CSE-014-121,CSE-014,SCADA RTU / PLC,MEDIUM,Industrial Control Gateway,Production,ACTIVE
AST-CSE-014-122,CSE-014,Relational Database Server,MEDIUM,Transactional Database,Staging,ACTIVE
AST-CSE-014-123,CSE-014,NextGen Firewall,MEDIUM,Perimeter Defense,Production,ACTIVE
AST-CSE-014-124,CSE-014,Core Banking Switch,MEDIUM,Payment Processing Engine,Production,ACTIVE
AST-CSE-014-125,CSE-014,Web Application Server,MEDIUM,Customer Portal,Production,ACTIVE
AST-CSE-014-126,CSE-014,Core Banking Switch,MEDIUM,Payment Processing Engine,Staging,ACTIVE
AST-CSE-014-127,CSE-014,Domain Controller (AD),MEDIUM,Identity and Access Management,DR,ACTIVE
AST-CSE-014-128,CSE-014,SCADA RTU / PLC,MEDIUM,Industrial Control Gateway,Staging,ACTIVE
AST-CSE-014-129,CSE-014,OT Engineering Workstation,MEDIUM,Substation Automation,Staging,ACTIVE
AST-CSE-014-130,CSE-014,Domain Controller (AD),MEDIUM,Identity and Access Management,DR,ACTIVE
AST-CSE-014-131,CSE-014,Domain Controller (AD),MEDIUM,Identity and Access Management,DR,ACTIVE
AST-CSE-014-132,CSE-014,Web Application Server,MEDIUM,Customer Portal,Production,ACTIVE
AST-CSE-014-133,CSE-014,Web Application Server,MEDIUM,Customer Portal,Staging,ACTIVE
AST-CSE-014-134,CSE-014,Web Application Server,MEDIUM,Customer Portal,Production,ACTIVE
AST-CSE-014-135,CSE-014,SIEM Collector Node,MEDIUM,Telemetry Aggregation,Production,ACTIVE
AST-CSE-015-001,CSE-015,Web Application Server,CRITICAL,Customer Portal,Production,ACTIVE
AST-CSE-015-002,CSE-015,Core Banking Switch,CRITICAL,Payment Processing Engine,Production,ACTIVE
AST-CSE-015-003,CSE-015,SIEM Collector Node,CRITICAL,Telemetry Aggregation,Production,ACTIVE
AST-CSE-015-004,CSE-015,SCADA RTU / PLC,CRITICAL,Industrial Control Gateway,Production,ACTIVE
AST-CSE-015-005,CSE-015,Core Banking Switch,CRITICAL,Payment Processing Engine,Production,ACTIVE
AST-CSE-015-006,CSE-015,Relational Database Server,CRITICAL,Transactional Database,Production,ACTIVE
AST-CSE-015-007,CSE-015,Domain Controller (AD),CRITICAL,Identity and Access Management,Production,ACTIVE
AST-CSE-015-008,CSE-015,Domain Controller (AD),CRITICAL,Identity and Access Management,Production,ACTIVE
AST-CSE-015-009,CSE-015,SIEM Collector Node,CRITICAL,Telemetry Aggregation,Production,ACTIVE
AST-CSE-015-010,CSE-015,OT Engineering Workstation,CRITICAL,Substation Automation,Production,ACTIVE
AST-CSE-015-011,CSE-015,Core Banking Switch,CRITICAL,Payment Processing Engine,Production,ACTIVE
AST-CSE-015-012,CSE-015,Domain Controller (AD),CRITICAL,Identity and Access Management,Production,ACTIVE
AST-CSE-015-013,CSE-015,Core Banking Switch,CRITICAL,Payment Processing Engine,Production,ACTIVE
AST-CSE-015-014,CSE-015,Web Application Server,CRITICAL,Customer Portal,Production,ACTIVE
AST-CSE-015-015,CSE-015,OT Engineering Workstation,CRITICAL,Substation Automation,Production,ACTIVE
AST-CSE-015-016,CSE-015,Relational Database Server,CRITICAL,Transactional Database,Production,ACTIVE
AST-CSE-015-017,CSE-015,Domain Controller (AD),CRITICAL,Identity and Access Management,Production,ACTIVE
AST-CSE-015-018,CSE-015,SCADA RTU / PLC,CRITICAL,Industrial Control Gateway,Production,ACTIVE
AST-CSE-015-019,CSE-015,SCADA RTU / PLC,CRITICAL,Industrial Control Gateway,Production,ACTIVE
AST-CSE-015-020,CSE-015,SCADA RTU / PLC,CRITICAL,Industrial Control Gateway,Production,ACTIVE
AST-CSE-015-021,CSE-015,NextGen Firewall,CRITICAL,Perimeter Defense,Production,ACTIVE
AST-CSE-015-022,CSE-015,Web Application Server,CRITICAL,Customer Portal,Production,ACTIVE
AST-CSE-015-023,CSE-015,OT Engineering Workstation,CRITICAL,Substation Automation,Production,ACTIVE
AST-CSE-015-024,CSE-015,OT Engineering Workstation,CRITICAL,Substation Automation,Production,ACTIVE
AST-CSE-015-025,CSE-015,Relational Database Server,CRITICAL,Transactional Database,Production,ACTIVE
AST-CSE-015-026,CSE-015,Web Application Server,CRITICAL,Customer Portal,Production,ACTIVE
AST-CSE-015-027,CSE-015,SCADA RTU / PLC,CRITICAL,Industrial Control Gateway,Production,ACTIVE
AST-CSE-015-028,CSE-015,Domain Controller (AD),HIGH,Identity and Access Management,Production,ACTIVE
AST-CSE-015-029,CSE-015,NextGen Firewall,HIGH,Perimeter Defense,Production,ACTIVE
AST-CSE-015-030,CSE-015,Domain Controller (AD),HIGH,Identity and Access Management,Production,ACTIVE
AST-CSE-015-031,CSE-015,NextGen Firewall,HIGH,Perimeter Defense,Production,ACTIVE
AST-CSE-015-032,CSE-015,Core Banking Switch,HIGH,Payment Processing Engine,Production,ACTIVE
AST-CSE-015-033,CSE-015,SCADA RTU / PLC,HIGH,Industrial Control Gateway,Production,ACTIVE
AST-CSE-015-034,CSE-015,SIEM Collector Node,HIGH,Telemetry Aggregation,Production,ACTIVE
AST-CSE-015-035,CSE-015,Domain Controller (AD),HIGH,Identity and Access Management,Production,ACTIVE
AST-CSE-015-036,CSE-015,SIEM Collector Node,HIGH,Telemetry Aggregation,Production,ACTIVE
AST-CSE-015-037,CSE-015,Core Banking Switch,HIGH,Payment Processing Engine,Production,ACTIVE
AST-CSE-015-038,CSE-015,Core Banking Switch,HIGH,Payment Processing Engine,Production,ACTIVE
AST-CSE-015-039,CSE-015,SIEM Collector Node,HIGH,Telemetry Aggregation,Production,ACTIVE
AST-CSE-015-040,CSE-015,Core Banking Switch,HIGH,Payment Processing Engine,Production,ACTIVE
AST-CSE-015-041,CSE-015,SIEM Collector Node,HIGH,Telemetry Aggregation,Production,ACTIVE
AST-CSE-015-042,CSE-015,Core Banking Switch,HIGH,Payment Processing Engine,Production,ACTIVE
AST-CSE-015-043,CSE-015,SCADA RTU / PLC,HIGH,Industrial Control Gateway,Production,ACTIVE
AST-CSE-015-044,CSE-015,SIEM Collector Node,HIGH,Telemetry Aggregation,Production,ACTIVE
AST-CSE-015-045,CSE-015,Relational Database Server,HIGH,Transactional Database,Production,ACTIVE
AST-CSE-015-046,CSE-015,SIEM Collector Node,HIGH,Telemetry Aggregation,Production,ACTIVE
AST-CSE-015-047,CSE-015,Web Application Server,HIGH,Customer Portal,Production,ACTIVE
AST-CSE-015-048,CSE-015,OT Engineering Workstation,HIGH,Substation Automation,Production,ACTIVE
AST-CSE-015-049,CSE-015,NextGen Firewall,HIGH,Perimeter Defense,Production,ACTIVE
AST-CSE-015-050,CSE-015,Relational Database Server,HIGH,Transactional Database,Production,ACTIVE
AST-CSE-015-051,CSE-015,Core Banking Switch,HIGH,Payment Processing Engine,Production,ACTIVE
AST-CSE-015-052,CSE-015,NextGen Firewall,HIGH,Perimeter Defense,Production,ACTIVE
AST-CSE-015-053,CSE-015,Web Application Server,HIGH,Customer Portal,Production,ACTIVE
AST-CSE-015-054,CSE-015,Web Application Server,HIGH,Customer Portal,Production,ACTIVE
AST-CSE-015-055,CSE-015,SIEM Collector Node,HIGH,Telemetry Aggregation,Production,ACTIVE
AST-CSE-015-056,CSE-015,OT Engineering Workstation,HIGH,Substation Automation,Production,ACTIVE
AST-CSE-015-057,CSE-015,Web Application Server,HIGH,Customer Portal,Production,ACTIVE
AST-CSE-015-058,CSE-015,Web Application Server,HIGH,Customer Portal,Production,ACTIVE
AST-CSE-015-059,CSE-015,Domain Controller (AD),HIGH,Identity and Access Management,Production,ACTIVE
AST-CSE-015-060,CSE-015,Domain Controller (AD),HIGH,Identity and Access Management,Production,ACTIVE
AST-CSE-015-061,CSE-015,Relational Database Server,HIGH,Transactional Database,Production,ACTIVE
AST-CSE-015-062,CSE-015,Domain Controller (AD),HIGH,Identity and Access Management,Production,ACTIVE
AST-CSE-015-063,CSE-015,SCADA RTU / PLC,HIGH,Industrial Control Gateway,Production,ACTIVE
AST-CSE-015-064,CSE-015,Relational Database Server,LOW,Transactional Database,Production,ACTIVE
AST-CSE-015-065,CSE-015,OT Engineering Workstation,LOW,Substation Automation,Staging,ACTIVE
AST-CSE-015-066,CSE-015,Web Application Server,LOW,Customer Portal,Staging,ACTIVE
AST-CSE-015-067,CSE-015,Domain Controller (AD),MEDIUM,Identity and Access Management,Production,ACTIVE
AST-CSE-015-068,CSE-015,SIEM Collector Node,MEDIUM,Telemetry Aggregation,Production,ACTIVE
AST-CSE-015-069,CSE-015,OT Engineering Workstation,LOW,Substation Automation,DR,ACTIVE
AST-CSE-015-070,CSE-015,NextGen Firewall,LOW,Perimeter Defense,DR,ACTIVE
AST-CSE-015-071,CSE-015,SCADA RTU / PLC,LOW,Industrial Control Gateway,DR,ACTIVE
AST-CSE-015-072,CSE-015,NextGen Firewall,MEDIUM,Perimeter Defense,DR,ACTIVE
AST-CSE-015-073,CSE-015,OT Engineering Workstation,MEDIUM,Substation Automation,DR,ACTIVE
AST-CSE-015-074,CSE-015,OT Engineering Workstation,LOW,Substation Automation,DR,ACTIVE
AST-CSE-015-075,CSE-015,Domain Controller (AD),LOW,Identity and Access Management,Production,ACTIVE
AST-CSE-015-076,CSE-015,SIEM Collector Node,LOW,Telemetry Aggregation,Staging,ACTIVE
AST-CSE-015-077,CSE-015,SCADA RTU / PLC,LOW,Industrial Control Gateway,DR,ACTIVE
AST-CSE-015-078,CSE-015,Domain Controller (AD),LOW,Identity and Access Management,Staging,ACTIVE
AST-CSE-015-079,CSE-015,Core Banking Switch,LOW,Payment Processing Engine,Staging,ACTIVE
AST-CSE-015-080,CSE-015,SIEM Collector Node,LOW,Telemetry Aggregation,Production,ACTIVE
AST-CSE-015-081,CSE-015,Domain Controller (AD),MEDIUM,Identity and Access Management,DR,ACTIVE
AST-CSE-015-082,CSE-015,NextGen Firewall,LOW,Perimeter Defense,Staging,ACTIVE
AST-CSE-015-083,CSE-015,SIEM Collector Node,LOW,Telemetry Aggregation,DR,ACTIVE
AST-CSE-015-084,CSE-015,Core Banking Switch,MEDIUM,Payment Processing Engine,Staging,ACTIVE
AST-CSE-015-085,CSE-015,SCADA RTU / PLC,MEDIUM,Industrial Control Gateway,DR,ACTIVE
AST-CSE-015-086,CSE-015,Relational Database Server,MEDIUM,Transactional Database,DR,ACTIVE
AST-CSE-015-087,CSE-015,Domain Controller (AD),MEDIUM,Identity and Access Management,Production,ACTIVE
AST-CSE-015-088,CSE-015,Domain Controller (AD),LOW,Identity and Access Management,Production,ACTIVE
AST-CSE-015-089,CSE-015,Core Banking Switch,LOW,Payment Processing Engine,Staging,ACTIVE
AST-CSE-015-090,CSE-015,Relational Database Server,LOW,Transactional Database,Production,ACTIVE
AST-CSE-015-091,CSE-015,SIEM Collector Node,MEDIUM,Telemetry Aggregation,Staging,ACTIVE
AST-CSE-015-092,CSE-015,Relational Database Server,LOW,Transactional Database,Production,ACTIVE
AST-CSE-015-093,CSE-015,NextGen Firewall,LOW,Perimeter Defense,Production,ACTIVE
AST-CSE-015-094,CSE-015,SIEM Collector Node,MEDIUM,Telemetry Aggregation,Production,ACTIVE
AST-CSE-015-095,CSE-015,OT Engineering Workstation,LOW,Substation Automation,DR,ACTIVE
AST-CSE-015-096,CSE-015,Web Application Server,LOW,Customer Portal,Production,ACTIVE
AST-CSE-015-097,CSE-015,Web Application Server,MEDIUM,Customer Portal,Production,ACTIVE
AST-CSE-015-098,CSE-015,Web Application Server,MEDIUM,Customer Portal,DR,ACTIVE
AST-CSE-016-001,CSE-016,Web Application Server,CRITICAL,Customer Portal,Production,ACTIVE
AST-CSE-016-002,CSE-016,SIEM Collector Node,CRITICAL,Telemetry Aggregation,Production,ACTIVE
AST-CSE-016-003,CSE-016,NextGen Firewall,CRITICAL,Perimeter Defense,Production,ACTIVE
AST-CSE-016-004,CSE-016,NextGen Firewall,CRITICAL,Perimeter Defense,Production,ACTIVE
AST-CSE-016-005,CSE-016,SIEM Collector Node,CRITICAL,Telemetry Aggregation,Production,ACTIVE
AST-CSE-016-006,CSE-016,NextGen Firewall,CRITICAL,Perimeter Defense,Production,ACTIVE
AST-CSE-016-007,CSE-016,Relational Database Server,CRITICAL,Transactional Database,Production,ACTIVE
AST-CSE-016-008,CSE-016,NextGen Firewall,CRITICAL,Perimeter Defense,Production,ACTIVE
AST-CSE-016-009,CSE-016,Core Banking Switch,CRITICAL,Payment Processing Engine,Production,ACTIVE
AST-CSE-016-010,CSE-016,Relational Database Server,CRITICAL,Transactional Database,Production,ACTIVE
AST-CSE-016-011,CSE-016,Relational Database Server,CRITICAL,Transactional Database,Production,ACTIVE
AST-CSE-016-012,CSE-016,SCADA RTU / PLC,CRITICAL,Industrial Control Gateway,Production,ACTIVE
AST-CSE-016-013,CSE-016,Web Application Server,CRITICAL,Customer Portal,Production,ACTIVE
AST-CSE-016-014,CSE-016,OT Engineering Workstation,HIGH,Substation Automation,Production,ACTIVE
AST-CSE-016-015,CSE-016,OT Engineering Workstation,HIGH,Substation Automation,Production,ACTIVE
AST-CSE-016-016,CSE-016,NextGen Firewall,HIGH,Perimeter Defense,Production,ACTIVE
AST-CSE-016-017,CSE-016,SIEM Collector Node,HIGH,Telemetry Aggregation,Production,ACTIVE
AST-CSE-016-018,CSE-016,SIEM Collector Node,HIGH,Telemetry Aggregation,Production,ACTIVE
AST-CSE-016-019,CSE-016,Domain Controller (AD),HIGH,Identity and Access Management,Production,ACTIVE
AST-CSE-016-020,CSE-016,SCADA RTU / PLC,HIGH,Industrial Control Gateway,Production,ACTIVE
AST-CSE-016-021,CSE-016,NextGen Firewall,HIGH,Perimeter Defense,Production,ACTIVE
AST-CSE-016-022,CSE-016,NextGen Firewall,HIGH,Perimeter Defense,Production,ACTIVE
AST-CSE-016-023,CSE-016,SCADA RTU / PLC,HIGH,Industrial Control Gateway,Production,ACTIVE
AST-CSE-016-024,CSE-016,Domain Controller (AD),HIGH,Identity and Access Management,Production,ACTIVE
AST-CSE-016-025,CSE-016,SIEM Collector Node,HIGH,Telemetry Aggregation,Production,ACTIVE
AST-CSE-016-026,CSE-016,Web Application Server,HIGH,Customer Portal,Production,ACTIVE
AST-CSE-016-027,CSE-016,NextGen Firewall,HIGH,Perimeter Defense,Production,ACTIVE
AST-CSE-016-028,CSE-016,SIEM Collector Node,HIGH,Telemetry Aggregation,Production,ACTIVE
AST-CSE-016-029,CSE-016,SCADA RTU / PLC,HIGH,Industrial Control Gateway,Production,ACTIVE
AST-CSE-016-030,CSE-016,OT Engineering Workstation,HIGH,Substation Automation,Production,ACTIVE
AST-CSE-016-031,CSE-016,Relational Database Server,HIGH,Transactional Database,Production,ACTIVE
AST-CSE-016-032,CSE-016,Domain Controller (AD),MEDIUM,Identity and Access Management,Staging,ACTIVE
AST-CSE-016-033,CSE-016,SIEM Collector Node,MEDIUM,Telemetry Aggregation,DR,ACTIVE
AST-CSE-016-034,CSE-016,OT Engineering Workstation,LOW,Substation Automation,DR,ACTIVE
AST-CSE-016-035,CSE-016,Web Application Server,MEDIUM,Customer Portal,DR,ACTIVE
AST-CSE-016-036,CSE-016,SIEM Collector Node,LOW,Telemetry Aggregation,DR,ACTIVE
AST-CSE-016-037,CSE-016,Relational Database Server,LOW,Transactional Database,Production,ACTIVE
AST-CSE-016-038,CSE-016,SIEM Collector Node,MEDIUM,Telemetry Aggregation,Production,ACTIVE
AST-CSE-016-039,CSE-016,SIEM Collector Node,LOW,Telemetry Aggregation,Production,ACTIVE
AST-CSE-016-040,CSE-016,Web Application Server,MEDIUM,Customer Portal,Production,ACTIVE
AST-CSE-016-041,CSE-016,Relational Database Server,LOW,Transactional Database,Staging,ACTIVE
AST-CSE-016-042,CSE-016,SCADA RTU / PLC,LOW,Industrial Control Gateway,Staging,ACTIVE
AST-CSE-016-043,CSE-016,Web Application Server,LOW,Customer Portal,Staging,ACTIVE
AST-CSE-016-044,CSE-016,SCADA RTU / PLC,MEDIUM,Industrial Control Gateway,Production,ACTIVE
AST-CSE-016-045,CSE-016,SIEM Collector Node,MEDIUM,Telemetry Aggregation,Production,ACTIVE
AST-CSE-016-046,CSE-016,Relational Database Server,MEDIUM,Transactional Database,Production,ACTIVE
AST-CSE-016-047,CSE-016,Web Application Server,LOW,Customer Portal,Staging,ACTIVE
AST-CSE-016-048,CSE-016,SIEM Collector Node,LOW,Telemetry Aggregation,DR,ACTIVE
AST-CSE-017-001,CSE-017,NextGen Firewall,CRITICAL,Perimeter Defense,Production,ACTIVE
AST-CSE-017-002,CSE-017,Relational Database Server,CRITICAL,Transactional Database,Production,ACTIVE
AST-CSE-017-003,CSE-017,Web Application Server,CRITICAL,Customer Portal,Production,ACTIVE
AST-CSE-017-004,CSE-017,SIEM Collector Node,CRITICAL,Telemetry Aggregation,Production,ACTIVE
AST-CSE-017-005,CSE-017,NextGen Firewall,CRITICAL,Perimeter Defense,Production,ACTIVE
AST-CSE-017-006,CSE-017,NextGen Firewall,CRITICAL,Perimeter Defense,Production,ACTIVE
AST-CSE-017-007,CSE-017,SIEM Collector Node,CRITICAL,Telemetry Aggregation,Production,ACTIVE
AST-CSE-017-008,CSE-017,Core Banking Switch,CRITICAL,Payment Processing Engine,Production,ACTIVE
AST-CSE-017-009,CSE-017,Relational Database Server,CRITICAL,Transactional Database,Production,ACTIVE
AST-CSE-017-010,CSE-017,Relational Database Server,CRITICAL,Transactional Database,Production,ACTIVE
AST-CSE-017-011,CSE-017,SIEM Collector Node,CRITICAL,Telemetry Aggregation,Production,ACTIVE
AST-CSE-017-012,CSE-017,Core Banking Switch,CRITICAL,Payment Processing Engine,Production,ACTIVE
AST-CSE-017-013,CSE-017,Relational Database Server,HIGH,Transactional Database,Production,ACTIVE
AST-CSE-017-014,CSE-017,NextGen Firewall,HIGH,Perimeter Defense,Production,ACTIVE
AST-CSE-017-015,CSE-017,SCADA RTU / PLC,HIGH,Industrial Control Gateway,Production,ACTIVE
AST-CSE-017-016,CSE-017,NextGen Firewall,HIGH,Perimeter Defense,Production,ACTIVE
AST-CSE-017-017,CSE-017,OT Engineering Workstation,HIGH,Substation Automation,Production,ACTIVE
AST-CSE-017-018,CSE-017,NextGen Firewall,HIGH,Perimeter Defense,Production,ACTIVE
AST-CSE-017-019,CSE-017,SCADA RTU / PLC,HIGH,Industrial Control Gateway,Production,ACTIVE
AST-CSE-017-020,CSE-017,SIEM Collector Node,HIGH,Telemetry Aggregation,Production,ACTIVE
AST-CSE-017-021,CSE-017,SCADA RTU / PLC,HIGH,Industrial Control Gateway,Production,ACTIVE
AST-CSE-017-022,CSE-017,OT Engineering Workstation,HIGH,Substation Automation,Production,ACTIVE
AST-CSE-017-023,CSE-017,Web Application Server,HIGH,Customer Portal,Production,ACTIVE
AST-CSE-017-024,CSE-017,OT Engineering Workstation,HIGH,Substation Automation,Production,ACTIVE
AST-CSE-017-025,CSE-017,SCADA RTU / PLC,HIGH,Industrial Control Gateway,Production,ACTIVE
AST-CSE-017-026,CSE-017,OT Engineering Workstation,HIGH,Substation Automation,Production,ACTIVE
AST-CSE-017-027,CSE-017,SIEM Collector Node,HIGH,Telemetry Aggregation,Production,ACTIVE
AST-CSE-017-028,CSE-017,Core Banking Switch,HIGH,Payment Processing Engine,Production,ACTIVE
AST-CSE-017-029,CSE-017,Domain Controller (AD),HIGH,Identity and Access Management,Production,ACTIVE
AST-CSE-017-030,CSE-017,Core Banking Switch,LOW,Payment Processing Engine,Staging,ACTIVE
AST-CSE-017-031,CSE-017,NextGen Firewall,LOW,Perimeter Defense,Production,ACTIVE
AST-CSE-017-032,CSE-017,Core Banking Switch,LOW,Payment Processing Engine,DR,ACTIVE
AST-CSE-017-033,CSE-017,Relational Database Server,LOW,Transactional Database,Production,ACTIVE
AST-CSE-017-034,CSE-017,Domain Controller (AD),MEDIUM,Identity and Access Management,Production,ACTIVE
AST-CSE-017-035,CSE-017,Web Application Server,LOW,Customer Portal,DR,ACTIVE
AST-CSE-017-036,CSE-017,SIEM Collector Node,MEDIUM,Telemetry Aggregation,DR,ACTIVE
AST-CSE-017-037,CSE-017,SIEM Collector Node,MEDIUM,Telemetry Aggregation,DR,ACTIVE
AST-CSE-017-038,CSE-017,Domain Controller (AD),LOW,Identity and Access Management,DR,ACTIVE
AST-CSE-017-039,CSE-017,OT Engineering Workstation,MEDIUM,Substation Automation,Staging,ACTIVE
AST-CSE-017-040,CSE-017,Relational Database Server,MEDIUM,Transactional Database,DR,ACTIVE
AST-CSE-017-041,CSE-017,Relational Database Server,MEDIUM,Transactional Database,DR,ACTIVE
AST-CSE-017-042,CSE-017,Relational Database Server,LOW,Transactional Database,DR,ACTIVE
AST-CSE-017-043,CSE-017,SCADA RTU / PLC,MEDIUM,Industrial Control Gateway,Production,ACTIVE
AST-CSE-017-044,CSE-017,Web Application Server,MEDIUM,Customer Portal,Production,ACTIVE
AST-CSE-017-045,CSE-017,SCADA RTU / PLC,MEDIUM,Industrial Control Gateway,Production,ACTIVE
AST-CSE-018-001,CSE-018,Domain Controller (AD),CRITICAL,Identity and Access Management,Production,ACTIVE
AST-CSE-018-002,CSE-018,Relational Database Server,CRITICAL,Transactional Database,Production,ACTIVE
AST-CSE-018-003,CSE-018,OT Engineering Workstation,CRITICAL,Substation Automation,Production,ACTIVE
AST-CSE-018-004,CSE-018,NextGen Firewall,CRITICAL,Perimeter Defense,Production,ACTIVE
AST-CSE-018-005,CSE-018,Web Application Server,CRITICAL,Customer Portal,Production,ACTIVE
AST-CSE-018-006,CSE-018,NextGen Firewall,CRITICAL,Perimeter Defense,Production,ACTIVE
AST-CSE-018-007,CSE-018,SIEM Collector Node,CRITICAL,Telemetry Aggregation,Production,ACTIVE
AST-CSE-018-008,CSE-018,Domain Controller (AD),CRITICAL,Identity and Access Management,Production,ACTIVE
AST-CSE-018-009,CSE-018,Domain Controller (AD),CRITICAL,Identity and Access Management,Production,ACTIVE
AST-CSE-018-010,CSE-018,SIEM Collector Node,CRITICAL,Telemetry Aggregation,Production,ACTIVE
AST-CSE-018-011,CSE-018,NextGen Firewall,CRITICAL,Perimeter Defense,Production,ACTIVE
AST-CSE-018-012,CSE-018,Domain Controller (AD),CRITICAL,Identity and Access Management,Production,ACTIVE
AST-CSE-018-013,CSE-018,Web Application Server,CRITICAL,Customer Portal,Production,ACTIVE
AST-CSE-018-014,CSE-018,SIEM Collector Node,CRITICAL,Telemetry Aggregation,Production,ACTIVE
AST-CSE-018-015,CSE-018,Web Application Server,CRITICAL,Customer Portal,Production,ACTIVE
AST-CSE-018-016,CSE-018,Domain Controller (AD),CRITICAL,Identity and Access Management,Production,ACTIVE
AST-CSE-018-017,CSE-018,SCADA RTU / PLC,CRITICAL,Industrial Control Gateway,Production,ACTIVE
AST-CSE-018-018,CSE-018,Relational Database Server,CRITICAL,Transactional Database,Production,ACTIVE
AST-CSE-018-019,CSE-018,SIEM Collector Node,CRITICAL,Telemetry Aggregation,Production,ACTIVE
AST-CSE-018-020,CSE-018,OT Engineering Workstation,CRITICAL,Substation Automation,Production,ACTIVE
AST-CSE-018-021,CSE-018,SCADA RTU / PLC,CRITICAL,Industrial Control Gateway,Production,ACTIVE
AST-CSE-018-022,CSE-018,Relational Database Server,CRITICAL,Transactional Database,Production,ACTIVE
AST-CSE-018-023,CSE-018,Web Application Server,CRITICAL,Customer Portal,Production,ACTIVE
AST-CSE-018-024,CSE-018,Web Application Server,CRITICAL,Customer Portal,Production,ACTIVE
AST-CSE-018-025,CSE-018,SIEM Collector Node,CRITICAL,Telemetry Aggregation,Production,ACTIVE
AST-CSE-018-026,CSE-018,Web Application Server,CRITICAL,Customer Portal,Production,ACTIVE
AST-CSE-018-027,CSE-018,Domain Controller (AD),HIGH,Identity and Access Management,Production,ACTIVE
AST-CSE-018-028,CSE-018,Core Banking Switch,HIGH,Payment Processing Engine,Production,ACTIVE
AST-CSE-018-029,CSE-018,Core Banking Switch,HIGH,Payment Processing Engine,Production,ACTIVE
AST-CSE-018-030,CSE-018,SCADA RTU / PLC,HIGH,Industrial Control Gateway,Production,ACTIVE
AST-CSE-018-031,CSE-018,Core Banking Switch,HIGH,Payment Processing Engine,Production,ACTIVE
AST-CSE-018-032,CSE-018,NextGen Firewall,HIGH,Perimeter Defense,Production,ACTIVE
AST-CSE-018-033,CSE-018,Domain Controller (AD),HIGH,Identity and Access Management,Production,ACTIVE
AST-CSE-018-034,CSE-018,Core Banking Switch,HIGH,Payment Processing Engine,Production,ACTIVE
AST-CSE-018-035,CSE-018,OT Engineering Workstation,HIGH,Substation Automation,Production,ACTIVE
AST-CSE-018-036,CSE-018,NextGen Firewall,HIGH,Perimeter Defense,Production,ACTIVE
AST-CSE-018-037,CSE-018,OT Engineering Workstation,HIGH,Substation Automation,Production,ACTIVE
AST-CSE-018-038,CSE-018,SIEM Collector Node,HIGH,Telemetry Aggregation,Production,ACTIVE
AST-CSE-018-039,CSE-018,SCADA RTU / PLC,HIGH,Industrial Control Gateway,Production,ACTIVE
AST-CSE-018-040,CSE-018,Relational Database Server,HIGH,Transactional Database,Production,ACTIVE
AST-CSE-018-041,CSE-018,Core Banking Switch,HIGH,Payment Processing Engine,Production,ACTIVE
AST-CSE-018-042,CSE-018,Web Application Server,HIGH,Customer Portal,Production,ACTIVE
AST-CSE-018-043,CSE-018,SCADA RTU / PLC,HIGH,Industrial Control Gateway,Production,ACTIVE
AST-CSE-018-044,CSE-018,OT Engineering Workstation,HIGH,Substation Automation,Production,ACTIVE
AST-CSE-018-045,CSE-018,Relational Database Server,HIGH,Transactional Database,Production,ACTIVE
AST-CSE-018-046,CSE-018,Core Banking Switch,HIGH,Payment Processing Engine,Production,ACTIVE
AST-CSE-018-047,CSE-018,Web Application Server,HIGH,Customer Portal,Production,ACTIVE
AST-CSE-018-048,CSE-018,OT Engineering Workstation,HIGH,Substation Automation,Production,ACTIVE
AST-CSE-018-049,CSE-018,Domain Controller (AD),HIGH,Identity and Access Management,Production,ACTIVE
AST-CSE-018-050,CSE-018,OT Engineering Workstation,HIGH,Substation Automation,Production,ACTIVE
AST-CSE-018-051,CSE-018,SIEM Collector Node,HIGH,Telemetry Aggregation,Production,ACTIVE
AST-CSE-018-052,CSE-018,Core Banking Switch,HIGH,Payment Processing Engine,Production,ACTIVE
AST-CSE-018-053,CSE-018,Web Application Server,HIGH,Customer Portal,Production,ACTIVE
AST-CSE-018-054,CSE-018,Core Banking Switch,HIGH,Payment Processing Engine,Production,ACTIVE
AST-CSE-018-055,CSE-018,NextGen Firewall,HIGH,Perimeter Defense,Production,ACTIVE
AST-CSE-018-056,CSE-018,SIEM Collector Node,HIGH,Telemetry Aggregation,Production,ACTIVE
AST-CSE-018-057,CSE-018,Relational Database Server,HIGH,Transactional Database,Production,ACTIVE
AST-CSE-018-058,CSE-018,NextGen Firewall,HIGH,Perimeter Defense,Production,ACTIVE
AST-CSE-018-059,CSE-018,SIEM Collector Node,HIGH,Telemetry Aggregation,Production,ACTIVE
AST-CSE-018-060,CSE-018,Web Application Server,HIGH,Customer Portal,Production,ACTIVE
AST-CSE-018-061,CSE-018,NextGen Firewall,HIGH,Perimeter Defense,Production,ACTIVE
AST-CSE-018-062,CSE-018,Domain Controller (AD),LOW,Identity and Access Management,Staging,ACTIVE
AST-CSE-018-063,CSE-018,Core Banking Switch,MEDIUM,Payment Processing Engine,Production,ACTIVE
AST-CSE-018-064,CSE-018,Web Application Server,MEDIUM,Customer Portal,Staging,ACTIVE
AST-CSE-018-065,CSE-018,SCADA RTU / PLC,LOW,Industrial Control Gateway,DR,ACTIVE
AST-CSE-018-066,CSE-018,Domain Controller (AD),MEDIUM,Identity and Access Management,Staging,ACTIVE
AST-CSE-018-067,CSE-018,OT Engineering Workstation,MEDIUM,Substation Automation,DR,ACTIVE
AST-CSE-018-068,CSE-018,OT Engineering Workstation,LOW,Substation Automation,Staging,ACTIVE
AST-CSE-018-069,CSE-018,Core Banking Switch,LOW,Payment Processing Engine,Staging,ACTIVE
AST-CSE-018-070,CSE-018,SIEM Collector Node,MEDIUM,Telemetry Aggregation,DR,ACTIVE
AST-CSE-018-071,CSE-018,NextGen Firewall,MEDIUM,Perimeter Defense,Staging,ACTIVE
AST-CSE-018-072,CSE-018,SIEM Collector Node,LOW,Telemetry Aggregation,Production,ACTIVE
AST-CSE-018-073,CSE-018,NextGen Firewall,LOW,Perimeter Defense,Production,ACTIVE
AST-CSE-018-074,CSE-018,NextGen Firewall,MEDIUM,Perimeter Defense,Staging,ACTIVE
AST-CSE-018-075,CSE-018,OT Engineering Workstation,LOW,Substation Automation,Production,ACTIVE
AST-CSE-018-076,CSE-018,Web Application Server,LOW,Customer Portal,DR,ACTIVE
AST-CSE-018-077,CSE-018,SCADA RTU / PLC,LOW,Industrial Control Gateway,Staging,ACTIVE
AST-CSE-018-078,CSE-018,Domain Controller (AD),MEDIUM,Identity and Access Management,DR,ACTIVE
AST-CSE-018-079,CSE-018,Relational Database Server,LOW,Transactional Database,DR,ACTIVE
AST-CSE-018-080,CSE-018,SCADA RTU / PLC,MEDIUM,Industrial Control Gateway,Production,ACTIVE
AST-CSE-018-081,CSE-018,NextGen Firewall,MEDIUM,Perimeter Defense,Production,ACTIVE
AST-CSE-018-082,CSE-018,SIEM Collector Node,MEDIUM,Telemetry Aggregation,Staging,ACTIVE
AST-CSE-018-083,CSE-018,Domain Controller (AD),LOW,Identity and Access Management,Staging,ACTIVE
AST-CSE-018-084,CSE-018,Domain Controller (AD),LOW,Identity and Access Management,Staging,ACTIVE
AST-CSE-018-085,CSE-018,OT Engineering Workstation,MEDIUM,Substation Automation,Staging,ACTIVE
AST-CSE-018-086,CSE-018,NextGen Firewall,LOW,Perimeter Defense,Production,ACTIVE
AST-CSE-018-087,CSE-018,SCADA RTU / PLC,MEDIUM,Industrial Control Gateway,DR,ACTIVE
AST-CSE-018-088,CSE-018,OT Engineering Workstation,MEDIUM,Substation Automation,DR,ACTIVE
AST-CSE-018-089,CSE-018,Relational Database Server,MEDIUM,Transactional Database,Production,ACTIVE
AST-CSE-018-090,CSE-018,Relational Database Server,LOW,Transactional Database,Staging,ACTIVE
AST-CSE-018-091,CSE-018,Core Banking Switch,LOW,Payment Processing Engine,DR,ACTIVE
AST-CSE-018-092,CSE-018,Core Banking Switch,LOW,Payment Processing Engine,Staging,ACTIVE
AST-CSE-018-093,CSE-018,Core Banking Switch,MEDIUM,Payment Processing Engine,Staging,ACTIVE
AST-CSE-018-094,CSE-018,Web Application Server,MEDIUM,Customer Portal,DR,ACTIVE
AST-CSE-019-001,CSE-019,Core Banking Switch,CRITICAL,Payment Processing Engine,Production,ACTIVE
AST-CSE-019-002,CSE-019,OT Engineering Workstation,CRITICAL,Substation Automation,Production,ACTIVE
AST-CSE-019-003,CSE-019,SCADA RTU / PLC,CRITICAL,Industrial Control Gateway,Production,ACTIVE
AST-CSE-019-004,CSE-019,SIEM Collector Node,CRITICAL,Telemetry Aggregation,Production,ACTIVE
AST-CSE-019-005,CSE-019,Domain Controller (AD),CRITICAL,Identity and Access Management,Production,ACTIVE
AST-CSE-019-006,CSE-019,Relational Database Server,CRITICAL,Transactional Database,Production,ACTIVE
AST-CSE-019-007,CSE-019,NextGen Firewall,CRITICAL,Perimeter Defense,Production,ACTIVE
AST-CSE-019-008,CSE-019,Core Banking Switch,CRITICAL,Payment Processing Engine,Production,ACTIVE
AST-CSE-019-009,CSE-019,Web Application Server,CRITICAL,Customer Portal,Production,ACTIVE
AST-CSE-019-010,CSE-019,Core Banking Switch,CRITICAL,Payment Processing Engine,Production,ACTIVE
AST-CSE-019-011,CSE-019,Web Application Server,CRITICAL,Customer Portal,Production,ACTIVE
AST-CSE-019-012,CSE-019,Domain Controller (AD),CRITICAL,Identity and Access Management,Production,ACTIVE
AST-CSE-019-013,CSE-019,SCADA RTU / PLC,CRITICAL,Industrial Control Gateway,Production,ACTIVE
AST-CSE-019-014,CSE-019,Core Banking Switch,CRITICAL,Payment Processing Engine,Production,ACTIVE
AST-CSE-019-015,CSE-019,NextGen Firewall,CRITICAL,Perimeter Defense,Production,ACTIVE
AST-CSE-019-016,CSE-019,Domain Controller (AD),HIGH,Identity and Access Management,Production,ACTIVE
AST-CSE-019-017,CSE-019,Core Banking Switch,HIGH,Payment Processing Engine,Production,ACTIVE
AST-CSE-019-018,CSE-019,NextGen Firewall,HIGH,Perimeter Defense,Production,ACTIVE
AST-CSE-019-019,CSE-019,Domain Controller (AD),HIGH,Identity and Access Management,Production,ACTIVE
AST-CSE-019-020,CSE-019,Relational Database Server,HIGH,Transactional Database,Production,ACTIVE
AST-CSE-019-021,CSE-019,NextGen Firewall,HIGH,Perimeter Defense,Production,ACTIVE
AST-CSE-019-022,CSE-019,Web Application Server,HIGH,Customer Portal,Production,ACTIVE
AST-CSE-019-023,CSE-019,Domain Controller (AD),HIGH,Identity and Access Management,Production,ACTIVE
AST-CSE-019-024,CSE-019,SCADA RTU / PLC,HIGH,Industrial Control Gateway,Production,ACTIVE
AST-CSE-019-025,CSE-019,OT Engineering Workstation,HIGH,Substation Automation,Production,ACTIVE
AST-CSE-019-026,CSE-019,Relational Database Server,HIGH,Transactional Database,Production,ACTIVE
AST-CSE-019-027,CSE-019,Relational Database Server,HIGH,Transactional Database,Production,ACTIVE
AST-CSE-019-028,CSE-019,SCADA RTU / PLC,HIGH,Industrial Control Gateway,Production,ACTIVE
AST-CSE-019-029,CSE-019,SCADA RTU / PLC,HIGH,Industrial Control Gateway,Production,ACTIVE
AST-CSE-019-030,CSE-019,SCADA RTU / PLC,HIGH,Industrial Control Gateway,Production,ACTIVE
AST-CSE-019-031,CSE-019,Relational Database Server,HIGH,Transactional Database,Production,ACTIVE
AST-CSE-019-032,CSE-019,Relational Database Server,HIGH,Transactional Database,Production,ACTIVE
AST-CSE-019-033,CSE-019,Relational Database Server,HIGH,Transactional Database,Production,ACTIVE
AST-CSE-019-034,CSE-019,Core Banking Switch,HIGH,Payment Processing Engine,Production,ACTIVE
AST-CSE-019-035,CSE-019,NextGen Firewall,HIGH,Perimeter Defense,Production,ACTIVE
AST-CSE-019-036,CSE-019,OT Engineering Workstation,LOW,Substation Automation,Production,ACTIVE
AST-CSE-019-037,CSE-019,SIEM Collector Node,MEDIUM,Telemetry Aggregation,Production,ACTIVE
AST-CSE-019-038,CSE-019,Web Application Server,MEDIUM,Customer Portal,Production,ACTIVE
AST-CSE-019-039,CSE-019,Relational Database Server,MEDIUM,Transactional Database,Production,ACTIVE
AST-CSE-019-040,CSE-019,Core Banking Switch,MEDIUM,Payment Processing Engine,Staging,ACTIVE
AST-CSE-019-041,CSE-019,Core Banking Switch,LOW,Payment Processing Engine,Production,ACTIVE
AST-CSE-019-042,CSE-019,Domain Controller (AD),LOW,Identity and Access Management,DR,ACTIVE
AST-CSE-019-043,CSE-019,NextGen Firewall,LOW,Perimeter Defense,Production,ACTIVE
AST-CSE-019-044,CSE-019,Core Banking Switch,LOW,Payment Processing Engine,DR,ACTIVE
AST-CSE-019-045,CSE-019,SIEM Collector Node,LOW,Telemetry Aggregation,Staging,ACTIVE
AST-CSE-019-046,CSE-019,SIEM Collector Node,LOW,Telemetry Aggregation,Production,ACTIVE
AST-CSE-019-047,CSE-019,Relational Database Server,LOW,Transactional Database,Production,ACTIVE
AST-CSE-019-048,CSE-019,SCADA RTU / PLC,LOW,Industrial Control Gateway,DR,ACTIVE
AST-CSE-019-049,CSE-019,OT Engineering Workstation,LOW,Substation Automation,DR,ACTIVE
AST-CSE-019-050,CSE-019,SIEM Collector Node,LOW,Telemetry Aggregation,DR,ACTIVE
AST-CSE-019-051,CSE-019,Core Banking Switch,LOW,Payment Processing Engine,Production,ACTIVE
AST-CSE-019-052,CSE-019,Relational Database Server,LOW,Transactional Database,Production,ACTIVE
AST-CSE-019-053,CSE-019,Relational Database Server,MEDIUM,Transactional Database,Staging,ACTIVE
AST-CSE-019-054,CSE-019,Web Application Server,LOW,Customer Portal,Production,ACTIVE
AST-CSE-019-055,CSE-019,Domain Controller (AD),MEDIUM,Identity and Access Management,DR,ACTIVE
AST-CSE-020-001,CSE-020,SIEM Collector Node,CRITICAL,Telemetry Aggregation,Production,ACTIVE
AST-CSE-020-002,CSE-020,Web Application Server,CRITICAL,Customer Portal,Production,ACTIVE
AST-CSE-020-003,CSE-020,OT Engineering Workstation,CRITICAL,Substation Automation,Production,ACTIVE
AST-CSE-020-004,CSE-020,SCADA RTU / PLC,CRITICAL,Industrial Control Gateway,Production,ACTIVE
AST-CSE-020-005,CSE-020,SIEM Collector Node,CRITICAL,Telemetry Aggregation,Production,ACTIVE
AST-CSE-020-006,CSE-020,Core Banking Switch,CRITICAL,Payment Processing Engine,Production,ACTIVE
AST-CSE-020-007,CSE-020,SIEM Collector Node,CRITICAL,Telemetry Aggregation,Production,ACTIVE
AST-CSE-020-008,CSE-020,SIEM Collector Node,CRITICAL,Telemetry Aggregation,Production,ACTIVE
AST-CSE-020-009,CSE-020,Web Application Server,CRITICAL,Customer Portal,Production,ACTIVE
AST-CSE-020-010,CSE-020,Web Application Server,CRITICAL,Customer Portal,Production,ACTIVE
AST-CSE-020-011,CSE-020,SCADA RTU / PLC,CRITICAL,Industrial Control Gateway,Production,ACTIVE
AST-CSE-020-012,CSE-020,SIEM Collector Node,CRITICAL,Telemetry Aggregation,Production,ACTIVE
AST-CSE-020-013,CSE-020,NextGen Firewall,CRITICAL,Perimeter Defense,Production,ACTIVE
AST-CSE-020-014,CSE-020,OT Engineering Workstation,CRITICAL,Substation Automation,Production,ACTIVE
AST-CSE-020-015,CSE-020,Core Banking Switch,CRITICAL,Payment Processing Engine,Production,ACTIVE
AST-CSE-020-016,CSE-020,Core Banking Switch,CRITICAL,Payment Processing Engine,Production,ACTIVE
AST-CSE-020-017,CSE-020,Core Banking Switch,CRITICAL,Payment Processing Engine,Production,ACTIVE
AST-CSE-020-018,CSE-020,Relational Database Server,HIGH,Transactional Database,Production,ACTIVE
AST-CSE-020-019,CSE-020,SCADA RTU / PLC,HIGH,Industrial Control Gateway,Production,ACTIVE
AST-CSE-020-020,CSE-020,SCADA RTU / PLC,HIGH,Industrial Control Gateway,Production,ACTIVE
AST-CSE-020-021,CSE-020,Web Application Server,HIGH,Customer Portal,Production,ACTIVE
AST-CSE-020-022,CSE-020,Core Banking Switch,HIGH,Payment Processing Engine,Production,ACTIVE
AST-CSE-020-023,CSE-020,NextGen Firewall,HIGH,Perimeter Defense,Production,ACTIVE
AST-CSE-020-024,CSE-020,Core Banking Switch,HIGH,Payment Processing Engine,Production,ACTIVE
AST-CSE-020-025,CSE-020,OT Engineering Workstation,HIGH,Substation Automation,Production,ACTIVE
AST-CSE-020-026,CSE-020,OT Engineering Workstation,HIGH,Substation Automation,Production,ACTIVE
AST-CSE-020-027,CSE-020,OT Engineering Workstation,HIGH,Substation Automation,Production,ACTIVE
AST-CSE-020-028,CSE-020,Web Application Server,HIGH,Customer Portal,Production,ACTIVE
AST-CSE-020-029,CSE-020,Domain Controller (AD),HIGH,Identity and Access Management,Production,ACTIVE
AST-CSE-020-030,CSE-020,OT Engineering Workstation,HIGH,Substation Automation,Production,ACTIVE
AST-CSE-020-031,CSE-020,NextGen Firewall,HIGH,Perimeter Defense,Production,ACTIVE
AST-CSE-020-032,CSE-020,SIEM Collector Node,HIGH,Telemetry Aggregation,Production,ACTIVE
AST-CSE-020-033,CSE-020,Web Application Server,HIGH,Customer Portal,Production,ACTIVE
AST-CSE-020-034,CSE-020,SIEM Collector Node,HIGH,Telemetry Aggregation,Production,ACTIVE
AST-CSE-020-035,CSE-020,SIEM Collector Node,HIGH,Telemetry Aggregation,Production,ACTIVE
AST-CSE-020-036,CSE-020,Relational Database Server,HIGH,Transactional Database,Production,ACTIVE
AST-CSE-020-037,CSE-020,OT Engineering Workstation,HIGH,Substation Automation,Production,ACTIVE
AST-CSE-020-038,CSE-020,Core Banking Switch,HIGH,Payment Processing Engine,Production,ACTIVE
AST-CSE-020-039,CSE-020,OT Engineering Workstation,HIGH,Substation Automation,Production,ACTIVE
AST-CSE-020-040,CSE-020,SIEM Collector Node,HIGH,Telemetry Aggregation,Production,ACTIVE
AST-CSE-020-041,CSE-020,Core Banking Switch,HIGH,Payment Processing Engine,Production,ACTIVE
AST-CSE-020-042,CSE-020,Domain Controller (AD),MEDIUM,Identity and Access Management,DR,ACTIVE
AST-CSE-020-043,CSE-020,SCADA RTU / PLC,LOW,Industrial Control Gateway,Staging,ACTIVE
AST-CSE-020-044,CSE-020,Core Banking Switch,MEDIUM,Payment Processing Engine,Production,ACTIVE
AST-CSE-020-045,CSE-020,Web Application Server,LOW,Customer Portal,Production,ACTIVE
AST-CSE-020-046,CSE-020,SCADA RTU / PLC,LOW,Industrial Control Gateway,Staging,ACTIVE
AST-CSE-020-047,CSE-020,Domain Controller (AD),MEDIUM,Identity and Access Management,Production,ACTIVE
AST-CSE-020-048,CSE-020,Relational Database Server,LOW,Transactional Database,Production,ACTIVE
AST-CSE-020-049,CSE-020,SCADA RTU / PLC,MEDIUM,Industrial Control Gateway,Production,ACTIVE
AST-CSE-020-050,CSE-020,Web Application Server,LOW,Customer Portal,DR,ACTIVE
AST-CSE-020-051,CSE-020,OT Engineering Workstation,MEDIUM,Substation Automation,Staging,ACTIVE
AST-CSE-020-052,CSE-020,SCADA RTU / PLC,MEDIUM,Industrial Control Gateway,Production,ACTIVE
AST-CSE-020-053,CSE-020,OT Engineering Workstation,LOW,Substation Automation,Production,ACTIVE
AST-CSE-020-054,CSE-020,OT Engineering Workstation,MEDIUM,Substation Automation,DR,ACTIVE
AST-CSE-020-055,CSE-020,NextGen Firewall,LOW,Perimeter Defense,Production,ACTIVE
AST-CSE-020-056,CSE-020,Core Banking Switch,MEDIUM,Payment Processing Engine,Production,ACTIVE
AST-CSE-020-057,CSE-020,Web Application Server,LOW,Customer Portal,DR,ACTIVE
AST-CSE-020-058,CSE-020,Domain Controller (AD),LOW,Identity and Access Management,Production,ACTIVE
AST-CSE-020-059,CSE-020,SCADA RTU / PLC,MEDIUM,Industrial Control Gateway,DR,ACTIVE
AST-CSE-020-060,CSE-020,Core Banking Switch,LOW,Payment Processing Engine,DR,ACTIVE
AST-CSE-020-061,CSE-020,Core Banking Switch,LOW,Payment Processing Engine,DR,ACTIVE
AST-CSE-020-062,CSE-020,Domain Controller (AD),MEDIUM,Identity and Access Management,Staging,ACTIVE
AST-CSE-020-063,CSE-020,Domain Controller (AD),LOW,Identity and Access Management,Production,ACTIVE
AST-CSE-020-064,CSE-020,Core Banking Switch,LOW,Payment Processing Engine,DR,ACTIVE
AST-CSE-021-001,CSE-021,Core Banking Switch,CRITICAL,Payment Processing Engine,Production,ACTIVE
AST-CSE-021-002,CSE-021,Web Application Server,CRITICAL,Customer Portal,Production,ACTIVE
AST-CSE-021-003,CSE-021,NextGen Firewall,CRITICAL,Perimeter Defense,Production,ACTIVE
AST-CSE-021-004,CSE-021,Relational Database Server,CRITICAL,Transactional Database,Production,ACTIVE
AST-CSE-021-005,CSE-021,SIEM Collector Node,CRITICAL,Telemetry Aggregation,Production,ACTIVE
AST-CSE-021-006,CSE-021,SCADA RTU / PLC,CRITICAL,Industrial Control Gateway,Production,ACTIVE
AST-CSE-021-007,CSE-021,Relational Database Server,CRITICAL,Transactional Database,Production,ACTIVE
AST-CSE-021-008,CSE-021,Relational Database Server,CRITICAL,Transactional Database,Production,ACTIVE
AST-CSE-021-009,CSE-021,Web Application Server,CRITICAL,Customer Portal,Production,ACTIVE
AST-CSE-021-010,CSE-021,Web Application Server,CRITICAL,Customer Portal,Production,ACTIVE
AST-CSE-021-011,CSE-021,Domain Controller (AD),CRITICAL,Identity and Access Management,Production,ACTIVE
AST-CSE-021-012,CSE-021,NextGen Firewall,CRITICAL,Perimeter Defense,Production,ACTIVE
AST-CSE-021-013,CSE-021,OT Engineering Workstation,CRITICAL,Substation Automation,Production,ACTIVE
AST-CSE-021-014,CSE-021,OT Engineering Workstation,CRITICAL,Substation Automation,Production,ACTIVE
AST-CSE-021-015,CSE-021,SIEM Collector Node,CRITICAL,Telemetry Aggregation,Production,ACTIVE
AST-CSE-021-016,CSE-021,SCADA RTU / PLC,CRITICAL,Industrial Control Gateway,Production,ACTIVE
AST-CSE-021-017,CSE-021,NextGen Firewall,CRITICAL,Perimeter Defense,Production,ACTIVE
AST-CSE-021-018,CSE-021,Core Banking Switch,CRITICAL,Payment Processing Engine,Production,ACTIVE
AST-CSE-021-019,CSE-021,Domain Controller (AD),CRITICAL,Identity and Access Management,Production,ACTIVE
AST-CSE-021-020,CSE-021,Relational Database Server,CRITICAL,Transactional Database,Production,ACTIVE
AST-CSE-021-021,CSE-021,Domain Controller (AD),CRITICAL,Identity and Access Management,Production,ACTIVE
AST-CSE-021-022,CSE-021,Web Application Server,HIGH,Customer Portal,Production,ACTIVE
AST-CSE-021-023,CSE-021,NextGen Firewall,HIGH,Perimeter Defense,Production,ACTIVE
AST-CSE-021-024,CSE-021,SIEM Collector Node,HIGH,Telemetry Aggregation,Production,ACTIVE
AST-CSE-021-025,CSE-021,Web Application Server,HIGH,Customer Portal,Production,ACTIVE
AST-CSE-021-026,CSE-021,Core Banking Switch,HIGH,Payment Processing Engine,Production,ACTIVE
AST-CSE-021-027,CSE-021,Web Application Server,HIGH,Customer Portal,Production,ACTIVE
AST-CSE-021-028,CSE-021,SCADA RTU / PLC,HIGH,Industrial Control Gateway,Production,ACTIVE
AST-CSE-021-029,CSE-021,Relational Database Server,HIGH,Transactional Database,Production,ACTIVE
AST-CSE-021-030,CSE-021,Domain Controller (AD),HIGH,Identity and Access Management,Production,ACTIVE
AST-CSE-021-031,CSE-021,Web Application Server,HIGH,Customer Portal,Production,ACTIVE
AST-CSE-021-032,CSE-021,NextGen Firewall,HIGH,Perimeter Defense,Production,ACTIVE
AST-CSE-021-033,CSE-021,Domain Controller (AD),HIGH,Identity and Access Management,Production,ACTIVE
AST-CSE-021-034,CSE-021,Web Application Server,HIGH,Customer Portal,Production,ACTIVE
AST-CSE-021-035,CSE-021,OT Engineering Workstation,HIGH,Substation Automation,Production,ACTIVE
AST-CSE-021-036,CSE-021,NextGen Firewall,HIGH,Perimeter Defense,Production,ACTIVE
AST-CSE-021-037,CSE-021,SIEM Collector Node,HIGH,Telemetry Aggregation,Production,ACTIVE
AST-CSE-021-038,CSE-021,Relational Database Server,HIGH,Transactional Database,Production,ACTIVE
AST-CSE-021-039,CSE-021,SCADA RTU / PLC,HIGH,Industrial Control Gateway,Production,ACTIVE
AST-CSE-021-040,CSE-021,Domain Controller (AD),HIGH,Identity and Access Management,Production,ACTIVE
AST-CSE-021-041,CSE-021,OT Engineering Workstation,HIGH,Substation Automation,Production,ACTIVE
AST-CSE-021-042,CSE-021,Relational Database Server,HIGH,Transactional Database,Production,ACTIVE
AST-CSE-021-043,CSE-021,SCADA RTU / PLC,HIGH,Industrial Control Gateway,Production,ACTIVE
AST-CSE-021-044,CSE-021,SCADA RTU / PLC,HIGH,Industrial Control Gateway,Production,ACTIVE
AST-CSE-021-045,CSE-021,SCADA RTU / PLC,HIGH,Industrial Control Gateway,Production,ACTIVE
AST-CSE-021-046,CSE-021,OT Engineering Workstation,HIGH,Substation Automation,Production,ACTIVE
AST-CSE-021-047,CSE-021,Domain Controller (AD),HIGH,Identity and Access Management,Production,ACTIVE
AST-CSE-021-048,CSE-021,NextGen Firewall,HIGH,Perimeter Defense,Production,ACTIVE
AST-CSE-021-049,CSE-021,Domain Controller (AD),HIGH,Identity and Access Management,Production,ACTIVE
AST-CSE-021-050,CSE-021,OT Engineering Workstation,MEDIUM,Substation Automation,Production,ACTIVE
AST-CSE-021-051,CSE-021,NextGen Firewall,LOW,Perimeter Defense,DR,ACTIVE
AST-CSE-021-052,CSE-021,SCADA RTU / PLC,LOW,Industrial Control Gateway,Staging,ACTIVE
AST-CSE-021-053,CSE-021,Relational Database Server,MEDIUM,Transactional Database,Production,ACTIVE
AST-CSE-021-054,CSE-021,SIEM Collector Node,MEDIUM,Telemetry Aggregation,DR,ACTIVE
AST-CSE-021-055,CSE-021,Web Application Server,LOW,Customer Portal,Production,ACTIVE
AST-CSE-021-056,CSE-021,Domain Controller (AD),MEDIUM,Identity and Access Management,DR,ACTIVE
AST-CSE-021-057,CSE-021,Domain Controller (AD),LOW,Identity and Access Management,Staging,ACTIVE
AST-CSE-021-058,CSE-021,Core Banking Switch,LOW,Payment Processing Engine,Staging,ACTIVE
AST-CSE-021-059,CSE-021,Web Application Server,MEDIUM,Customer Portal,DR,ACTIVE
AST-CSE-021-060,CSE-021,Core Banking Switch,LOW,Payment Processing Engine,DR,ACTIVE
AST-CSE-021-061,CSE-021,Web Application Server,MEDIUM,Customer Portal,Production,ACTIVE
AST-CSE-021-062,CSE-021,NextGen Firewall,LOW,Perimeter Defense,Production,ACTIVE
AST-CSE-021-063,CSE-021,Relational Database Server,MEDIUM,Transactional Database,Production,ACTIVE
AST-CSE-021-064,CSE-021,NextGen Firewall,MEDIUM,Perimeter Defense,Staging,ACTIVE
AST-CSE-021-065,CSE-021,OT Engineering Workstation,LOW,Substation Automation,DR,ACTIVE
AST-CSE-021-066,CSE-021,SCADA RTU / PLC,MEDIUM,Industrial Control Gateway,Production,ACTIVE
AST-CSE-021-067,CSE-021,SIEM Collector Node,LOW,Telemetry Aggregation,Production,ACTIVE
AST-CSE-021-068,CSE-021,NextGen Firewall,LOW,Perimeter Defense,DR,ACTIVE
AST-CSE-021-069,CSE-021,Domain Controller (AD),MEDIUM,Identity and Access Management,DR,ACTIVE
AST-CSE-021-070,CSE-021,Core Banking Switch,MEDIUM,Payment Processing Engine,Staging,ACTIVE
AST-CSE-021-071,CSE-021,NextGen Firewall,MEDIUM,Perimeter Defense,Production,ACTIVE
AST-CSE-021-072,CSE-021,SIEM Collector Node,MEDIUM,Telemetry Aggregation,Production,ACTIVE
AST-CSE-021-073,CSE-021,SIEM Collector Node,LOW,Telemetry Aggregation,Production,ACTIVE
AST-CSE-021-074,CSE-021,Web Application Server,MEDIUM,Customer Portal,Staging,ACTIVE
AST-CSE-021-075,CSE-021,OT Engineering Workstation,MEDIUM,Substation Automation,Production,ACTIVE
AST-CSE-021-076,CSE-021,Web Application Server,MEDIUM,Customer Portal,Staging,ACTIVE
AST-CSE-022-001,CSE-022,Relational Database Server,CRITICAL,Transactional Database,Production,ACTIVE
AST-CSE-022-002,CSE-022,SCADA RTU / PLC,CRITICAL,Industrial Control Gateway,Production,ACTIVE
AST-CSE-022-003,CSE-022,Core Banking Switch,CRITICAL,Payment Processing Engine,Production,ACTIVE
AST-CSE-022-004,CSE-022,SCADA RTU / PLC,CRITICAL,Industrial Control Gateway,Production,ACTIVE
AST-CSE-022-005,CSE-022,NextGen Firewall,CRITICAL,Perimeter Defense,Production,ACTIVE
AST-CSE-022-006,CSE-022,OT Engineering Workstation,CRITICAL,Substation Automation,Production,ACTIVE
AST-CSE-022-007,CSE-022,SIEM Collector Node,CRITICAL,Telemetry Aggregation,Production,ACTIVE
AST-CSE-022-008,CSE-022,SCADA RTU / PLC,CRITICAL,Industrial Control Gateway,Production,ACTIVE
AST-CSE-022-009,CSE-022,OT Engineering Workstation,CRITICAL,Substation Automation,Production,ACTIVE
AST-CSE-022-010,CSE-022,Web Application Server,CRITICAL,Customer Portal,Production,ACTIVE
AST-CSE-022-011,CSE-022,Relational Database Server,CRITICAL,Transactional Database,Production,ACTIVE
AST-CSE-022-012,CSE-022,Relational Database Server,CRITICAL,Transactional Database,Production,ACTIVE
AST-CSE-022-013,CSE-022,Core Banking Switch,CRITICAL,Payment Processing Engine,Production,ACTIVE
AST-CSE-022-014,CSE-022,SCADA RTU / PLC,CRITICAL,Industrial Control Gateway,Production,ACTIVE
AST-CSE-022-015,CSE-022,OT Engineering Workstation,CRITICAL,Substation Automation,Production,ACTIVE
AST-CSE-022-016,CSE-022,Relational Database Server,CRITICAL,Transactional Database,Production,ACTIVE
AST-CSE-022-017,CSE-022,OT Engineering Workstation,CRITICAL,Substation Automation,Production,ACTIVE
AST-CSE-022-018,CSE-022,OT Engineering Workstation,CRITICAL,Substation Automation,Production,ACTIVE
AST-CSE-022-019,CSE-022,OT Engineering Workstation,HIGH,Substation Automation,Production,ACTIVE
AST-CSE-022-020,CSE-022,Core Banking Switch,HIGH,Payment Processing Engine,Production,ACTIVE
AST-CSE-022-021,CSE-022,OT Engineering Workstation,HIGH,Substation Automation,Production,ACTIVE
AST-CSE-022-022,CSE-022,SIEM Collector Node,HIGH,Telemetry Aggregation,Production,ACTIVE
AST-CSE-022-023,CSE-022,Web Application Server,HIGH,Customer Portal,Production,ACTIVE
AST-CSE-022-024,CSE-022,SCADA RTU / PLC,HIGH,Industrial Control Gateway,Production,ACTIVE
AST-CSE-022-025,CSE-022,SIEM Collector Node,HIGH,Telemetry Aggregation,Production,ACTIVE
AST-CSE-022-026,CSE-022,Relational Database Server,HIGH,Transactional Database,Production,ACTIVE
AST-CSE-022-027,CSE-022,Web Application Server,HIGH,Customer Portal,Production,ACTIVE
AST-CSE-022-028,CSE-022,Domain Controller (AD),HIGH,Identity and Access Management,Production,ACTIVE
AST-CSE-022-029,CSE-022,SCADA RTU / PLC,HIGH,Industrial Control Gateway,Production,ACTIVE
AST-CSE-022-030,CSE-022,Relational Database Server,HIGH,Transactional Database,Production,ACTIVE
AST-CSE-022-031,CSE-022,Web Application Server,HIGH,Customer Portal,Production,ACTIVE
AST-CSE-022-032,CSE-022,Web Application Server,HIGH,Customer Portal,Production,ACTIVE
AST-CSE-022-033,CSE-022,Web Application Server,HIGH,Customer Portal,Production,ACTIVE
AST-CSE-022-034,CSE-022,Domain Controller (AD),HIGH,Identity and Access Management,Production,ACTIVE
AST-CSE-022-035,CSE-022,SCADA RTU / PLC,HIGH,Industrial Control Gateway,Production,ACTIVE
AST-CSE-022-036,CSE-022,OT Engineering Workstation,HIGH,Substation Automation,Production,ACTIVE
AST-CSE-022-037,CSE-022,Relational Database Server,HIGH,Transactional Database,Production,ACTIVE
AST-CSE-022-038,CSE-022,Relational Database Server,HIGH,Transactional Database,Production,ACTIVE
AST-CSE-022-039,CSE-022,SIEM Collector Node,HIGH,Telemetry Aggregation,Production,ACTIVE
AST-CSE-022-040,CSE-022,Relational Database Server,HIGH,Transactional Database,Production,ACTIVE
AST-CSE-022-041,CSE-022,Web Application Server,HIGH,Customer Portal,Production,ACTIVE
AST-CSE-022-042,CSE-022,SIEM Collector Node,HIGH,Telemetry Aggregation,Production,ACTIVE
AST-CSE-022-043,CSE-022,Core Banking Switch,MEDIUM,Payment Processing Engine,Production,ACTIVE
AST-CSE-022-044,CSE-022,Domain Controller (AD),MEDIUM,Identity and Access Management,Staging,ACTIVE
AST-CSE-022-045,CSE-022,SCADA RTU / PLC,MEDIUM,Industrial Control Gateway,Production,ACTIVE
AST-CSE-022-046,CSE-022,Relational Database Server,MEDIUM,Transactional Database,DR,ACTIVE
AST-CSE-022-047,CSE-022,Web Application Server,LOW,Customer Portal,DR,ACTIVE
AST-CSE-022-048,CSE-022,Core Banking Switch,MEDIUM,Payment Processing Engine,DR,ACTIVE
AST-CSE-022-049,CSE-022,Core Banking Switch,MEDIUM,Payment Processing Engine,DR,ACTIVE
AST-CSE-022-050,CSE-022,Core Banking Switch,MEDIUM,Payment Processing Engine,Production,ACTIVE
AST-CSE-022-051,CSE-022,SCADA RTU / PLC,LOW,Industrial Control Gateway,Staging,ACTIVE
AST-CSE-022-052,CSE-022,SIEM Collector Node,MEDIUM,Telemetry Aggregation,Production,ACTIVE
AST-CSE-022-053,CSE-022,Core Banking Switch,LOW,Payment Processing Engine,DR,ACTIVE
AST-CSE-022-054,CSE-022,NextGen Firewall,MEDIUM,Perimeter Defense,DR,ACTIVE
AST-CSE-022-055,CSE-022,NextGen Firewall,LOW,Perimeter Defense,Production,ACTIVE
AST-CSE-022-056,CSE-022,SCADA RTU / PLC,LOW,Industrial Control Gateway,Production,ACTIVE
AST-CSE-022-057,CSE-022,SIEM Collector Node,MEDIUM,Telemetry Aggregation,Production,ACTIVE
AST-CSE-022-058,CSE-022,SCADA RTU / PLC,MEDIUM,Industrial Control Gateway,Production,ACTIVE
AST-CSE-022-059,CSE-022,Domain Controller (AD),MEDIUM,Identity and Access Management,Staging,ACTIVE
AST-CSE-022-060,CSE-022,OT Engineering Workstation,LOW,Substation Automation,DR,ACTIVE
AST-CSE-022-061,CSE-022,OT Engineering Workstation,LOW,Substation Automation,DR,ACTIVE
AST-CSE-022-062,CSE-022,Web Application Server,MEDIUM,Customer Portal,Production,ACTIVE
AST-CSE-022-063,CSE-022,Relational Database Server,MEDIUM,Transactional Database,DR,ACTIVE
AST-CSE-022-064,CSE-022,Domain Controller (AD),LOW,Identity and Access Management,Staging,ACTIVE
AST-CSE-022-065,CSE-022,Domain Controller (AD),LOW,Identity and Access Management,Staging,ACTIVE
AST-CSE-022-066,CSE-022,SCADA RTU / PLC,LOW,Industrial Control Gateway,Staging,ACTIVE
AST-CSE-023-001,CSE-023,Web Application Server,CRITICAL,Customer Portal,Production,ACTIVE
AST-CSE-023-002,CSE-023,NextGen Firewall,CRITICAL,Perimeter Defense,Production,ACTIVE
AST-CSE-023-003,CSE-023,Core Banking Switch,CRITICAL,Payment Processing Engine,Production,ACTIVE
AST-CSE-023-004,CSE-023,Relational Database Server,CRITICAL,Transactional Database,Production,ACTIVE
AST-CSE-023-005,CSE-023,NextGen Firewall,CRITICAL,Perimeter Defense,Production,ACTIVE
AST-CSE-023-006,CSE-023,Relational Database Server,CRITICAL,Transactional Database,Production,ACTIVE
AST-CSE-023-007,CSE-023,Web Application Server,CRITICAL,Customer Portal,Production,ACTIVE
AST-CSE-023-008,CSE-023,Web Application Server,CRITICAL,Customer Portal,Production,ACTIVE
AST-CSE-023-009,CSE-023,Domain Controller (AD),CRITICAL,Identity and Access Management,Production,ACTIVE
AST-CSE-023-010,CSE-023,SCADA RTU / PLC,CRITICAL,Industrial Control Gateway,Production,ACTIVE
AST-CSE-023-011,CSE-023,SCADA RTU / PLC,CRITICAL,Industrial Control Gateway,Production,ACTIVE
AST-CSE-023-012,CSE-023,OT Engineering Workstation,CRITICAL,Substation Automation,Production,ACTIVE
AST-CSE-023-013,CSE-023,SCADA RTU / PLC,CRITICAL,Industrial Control Gateway,Production,ACTIVE
AST-CSE-023-014,CSE-023,Domain Controller (AD),CRITICAL,Identity and Access Management,Production,ACTIVE
AST-CSE-023-015,CSE-023,SIEM Collector Node,CRITICAL,Telemetry Aggregation,Production,ACTIVE
AST-CSE-023-016,CSE-023,NextGen Firewall,CRITICAL,Perimeter Defense,Production,ACTIVE
AST-CSE-023-017,CSE-023,Relational Database Server,CRITICAL,Transactional Database,Production,ACTIVE
AST-CSE-023-018,CSE-023,SIEM Collector Node,HIGH,Telemetry Aggregation,Production,ACTIVE
AST-CSE-023-019,CSE-023,SIEM Collector Node,HIGH,Telemetry Aggregation,Production,ACTIVE
AST-CSE-023-020,CSE-023,SIEM Collector Node,HIGH,Telemetry Aggregation,Production,ACTIVE
AST-CSE-023-021,CSE-023,Core Banking Switch,HIGH,Payment Processing Engine,Production,ACTIVE
AST-CSE-023-022,CSE-023,OT Engineering Workstation,HIGH,Substation Automation,Production,ACTIVE
AST-CSE-023-023,CSE-023,OT Engineering Workstation,HIGH,Substation Automation,Production,ACTIVE
AST-CSE-023-024,CSE-023,Core Banking Switch,HIGH,Payment Processing Engine,Production,ACTIVE
AST-CSE-023-025,CSE-023,Relational Database Server,HIGH,Transactional Database,Production,ACTIVE
AST-CSE-023-026,CSE-023,Web Application Server,HIGH,Customer Portal,Production,ACTIVE
AST-CSE-023-027,CSE-023,Relational Database Server,HIGH,Transactional Database,Production,ACTIVE
AST-CSE-023-028,CSE-023,SCADA RTU / PLC,HIGH,Industrial Control Gateway,Production,ACTIVE
AST-CSE-023-029,CSE-023,Domain Controller (AD),HIGH,Identity and Access Management,Production,ACTIVE
AST-CSE-023-030,CSE-023,Core Banking Switch,HIGH,Payment Processing Engine,Production,ACTIVE
AST-CSE-023-031,CSE-023,Domain Controller (AD),HIGH,Identity and Access Management,Production,ACTIVE
AST-CSE-023-032,CSE-023,Core Banking Switch,HIGH,Payment Processing Engine,Production,ACTIVE
AST-CSE-023-033,CSE-023,Relational Database Server,HIGH,Transactional Database,Production,ACTIVE
AST-CSE-023-034,CSE-023,SCADA RTU / PLC,HIGH,Industrial Control Gateway,Production,ACTIVE
AST-CSE-023-035,CSE-023,Core Banking Switch,HIGH,Payment Processing Engine,Production,ACTIVE
AST-CSE-023-036,CSE-023,SIEM Collector Node,HIGH,Telemetry Aggregation,Production,ACTIVE
AST-CSE-023-037,CSE-023,OT Engineering Workstation,HIGH,Substation Automation,Production,ACTIVE
AST-CSE-023-038,CSE-023,NextGen Firewall,HIGH,Perimeter Defense,Production,ACTIVE
AST-CSE-023-039,CSE-023,SCADA RTU / PLC,HIGH,Industrial Control Gateway,Production,ACTIVE
AST-CSE-023-040,CSE-023,OT Engineering Workstation,HIGH,Substation Automation,Production,ACTIVE
AST-CSE-023-041,CSE-023,Relational Database Server,MEDIUM,Transactional Database,Staging,ACTIVE
AST-CSE-023-042,CSE-023,SCADA RTU / PLC,LOW,Industrial Control Gateway,DR,ACTIVE
AST-CSE-023-043,CSE-023,OT Engineering Workstation,MEDIUM,Substation Automation,Staging,ACTIVE
AST-CSE-023-044,CSE-023,Core Banking Switch,MEDIUM,Payment Processing Engine,Staging,ACTIVE
AST-CSE-023-045,CSE-023,Domain Controller (AD),LOW,Identity and Access Management,DR,ACTIVE
AST-CSE-023-046,CSE-023,Core Banking Switch,MEDIUM,Payment Processing Engine,Staging,ACTIVE
AST-CSE-023-047,CSE-023,OT Engineering Workstation,LOW,Substation Automation,Production,ACTIVE
AST-CSE-023-048,CSE-023,SCADA RTU / PLC,MEDIUM,Industrial Control Gateway,Staging,ACTIVE
AST-CSE-023-049,CSE-023,OT Engineering Workstation,LOW,Substation Automation,DR,ACTIVE
AST-CSE-023-050,CSE-023,OT Engineering Workstation,MEDIUM,Substation Automation,DR,ACTIVE
AST-CSE-023-051,CSE-023,OT Engineering Workstation,MEDIUM,Substation Automation,Production,ACTIVE
AST-CSE-023-052,CSE-023,Relational Database Server,LOW,Transactional Database,DR,ACTIVE
AST-CSE-023-053,CSE-023,Relational Database Server,LOW,Transactional Database,Production,ACTIVE
AST-CSE-023-054,CSE-023,Relational Database Server,LOW,Transactional Database,DR,ACTIVE
AST-CSE-023-055,CSE-023,Domain Controller (AD),LOW,Identity and Access Management,Production,ACTIVE
AST-CSE-023-056,CSE-023,NextGen Firewall,LOW,Perimeter Defense,Staging,ACTIVE
AST-CSE-023-057,CSE-023,Web Application Server,MEDIUM,Customer Portal,Staging,ACTIVE
AST-CSE-023-058,CSE-023,OT Engineering Workstation,LOW,Substation Automation,Staging,ACTIVE
AST-CSE-023-059,CSE-023,SCADA RTU / PLC,MEDIUM,Industrial Control Gateway,DR,ACTIVE
AST-CSE-023-060,CSE-023,Relational Database Server,LOW,Transactional Database,Staging,ACTIVE
AST-CSE-023-061,CSE-023,Domain Controller (AD),MEDIUM,Identity and Access Management,Staging,ACTIVE
AST-CSE-023-062,CSE-023,Relational Database Server,MEDIUM,Transactional Database,Production,ACTIVE
AST-CSE-023-063,CSE-023,OT Engineering Workstation,MEDIUM,Substation Automation,Staging,ACTIVE
AST-CSE-024-001,CSE-024,OT Engineering Workstation,CRITICAL,Substation Automation,Production,ACTIVE
AST-CSE-024-002,CSE-024,Relational Database Server,CRITICAL,Transactional Database,Production,ACTIVE
AST-CSE-024-003,CSE-024,Core Banking Switch,CRITICAL,Payment Processing Engine,Production,ACTIVE
AST-CSE-024-004,CSE-024,NextGen Firewall,CRITICAL,Perimeter Defense,Production,ACTIVE
AST-CSE-024-005,CSE-024,OT Engineering Workstation,CRITICAL,Substation Automation,Production,ACTIVE
AST-CSE-024-006,CSE-024,SCADA RTU / PLC,CRITICAL,Industrial Control Gateway,Production,ACTIVE
AST-CSE-024-007,CSE-024,Domain Controller (AD),CRITICAL,Identity and Access Management,Production,ACTIVE
AST-CSE-024-008,CSE-024,NextGen Firewall,CRITICAL,Perimeter Defense,Production,ACTIVE
AST-CSE-024-009,CSE-024,Web Application Server,CRITICAL,Customer Portal,Production,ACTIVE
AST-CSE-024-010,CSE-024,Web Application Server,CRITICAL,Customer Portal,Production,ACTIVE
AST-CSE-024-011,CSE-024,OT Engineering Workstation,CRITICAL,Substation Automation,Production,ACTIVE
AST-CSE-024-012,CSE-024,Web Application Server,CRITICAL,Customer Portal,Production,ACTIVE
AST-CSE-024-013,CSE-024,Web Application Server,CRITICAL,Customer Portal,Production,ACTIVE
AST-CSE-024-014,CSE-024,SCADA RTU / PLC,CRITICAL,Industrial Control Gateway,Production,ACTIVE
AST-CSE-024-015,CSE-024,Core Banking Switch,CRITICAL,Payment Processing Engine,Production,ACTIVE
AST-CSE-024-016,CSE-024,Domain Controller (AD),CRITICAL,Identity and Access Management,Production,ACTIVE
AST-CSE-024-017,CSE-024,Core Banking Switch,CRITICAL,Payment Processing Engine,Production,ACTIVE
AST-CSE-024-018,CSE-024,OT Engineering Workstation,CRITICAL,Substation Automation,Production,ACTIVE
AST-CSE-024-019,CSE-024,NextGen Firewall,CRITICAL,Perimeter Defense,Production,ACTIVE
AST-CSE-024-020,CSE-024,Web Application Server,CRITICAL,Customer Portal,Production,ACTIVE
AST-CSE-024-021,CSE-024,SIEM Collector Node,CRITICAL,Telemetry Aggregation,Production,ACTIVE
AST-CSE-024-022,CSE-024,Core Banking Switch,CRITICAL,Payment Processing Engine,Production,ACTIVE
AST-CSE-024-023,CSE-024,Relational Database Server,CRITICAL,Transactional Database,Production,ACTIVE
AST-CSE-024-024,CSE-024,SCADA RTU / PLC,CRITICAL,Industrial Control Gateway,Production,ACTIVE
AST-CSE-024-025,CSE-024,OT Engineering Workstation,CRITICAL,Substation Automation,Production,ACTIVE
AST-CSE-024-026,CSE-024,Relational Database Server,CRITICAL,Transactional Database,Production,ACTIVE
AST-CSE-024-027,CSE-024,SIEM Collector Node,CRITICAL,Telemetry Aggregation,Production,ACTIVE
AST-CSE-024-028,CSE-024,Relational Database Server,CRITICAL,Transactional Database,Production,ACTIVE
AST-CSE-024-029,CSE-024,NextGen Firewall,CRITICAL,Perimeter Defense,Production,ACTIVE
AST-CSE-024-030,CSE-024,Web Application Server,HIGH,Customer Portal,Production,ACTIVE
AST-CSE-024-031,CSE-024,SIEM Collector Node,HIGH,Telemetry Aggregation,Production,ACTIVE
AST-CSE-024-032,CSE-024,SCADA RTU / PLC,HIGH,Industrial Control Gateway,Production,ACTIVE
AST-CSE-024-033,CSE-024,NextGen Firewall,HIGH,Perimeter Defense,Production,ACTIVE
AST-CSE-024-034,CSE-024,Relational Database Server,HIGH,Transactional Database,Production,ACTIVE
AST-CSE-024-035,CSE-024,SCADA RTU / PLC,HIGH,Industrial Control Gateway,Production,ACTIVE
AST-CSE-024-036,CSE-024,SIEM Collector Node,HIGH,Telemetry Aggregation,Production,ACTIVE
AST-CSE-024-037,CSE-024,SCADA RTU / PLC,HIGH,Industrial Control Gateway,Production,ACTIVE
AST-CSE-024-038,CSE-024,Domain Controller (AD),HIGH,Identity and Access Management,Production,ACTIVE
AST-CSE-024-039,CSE-024,SIEM Collector Node,HIGH,Telemetry Aggregation,Production,ACTIVE
AST-CSE-024-040,CSE-024,NextGen Firewall,HIGH,Perimeter Defense,Production,ACTIVE
AST-CSE-024-041,CSE-024,NextGen Firewall,HIGH,Perimeter Defense,Production,ACTIVE
AST-CSE-024-042,CSE-024,Relational Database Server,HIGH,Transactional Database,Production,ACTIVE
AST-CSE-024-043,CSE-024,NextGen Firewall,HIGH,Perimeter Defense,Production,ACTIVE
AST-CSE-024-044,CSE-024,SCADA RTU / PLC,HIGH,Industrial Control Gateway,Production,ACTIVE
AST-CSE-024-045,CSE-024,SIEM Collector Node,HIGH,Telemetry Aggregation,Production,ACTIVE
AST-CSE-024-046,CSE-024,OT Engineering Workstation,HIGH,Substation Automation,Production,ACTIVE
AST-CSE-024-047,CSE-024,Domain Controller (AD),HIGH,Identity and Access Management,Production,ACTIVE
AST-CSE-024-048,CSE-024,NextGen Firewall,HIGH,Perimeter Defense,Production,ACTIVE
AST-CSE-024-049,CSE-024,NextGen Firewall,HIGH,Perimeter Defense,Production,ACTIVE
AST-CSE-024-050,CSE-024,Domain Controller (AD),HIGH,Identity and Access Management,Production,ACTIVE
AST-CSE-024-051,CSE-024,OT Engineering Workstation,HIGH,Substation Automation,Production,ACTIVE
AST-CSE-024-052,CSE-024,OT Engineering Workstation,HIGH,Substation Automation,Production,ACTIVE
AST-CSE-024-053,CSE-024,Core Banking Switch,HIGH,Payment Processing Engine,Production,ACTIVE
AST-CSE-024-054,CSE-024,Domain Controller (AD),HIGH,Identity and Access Management,Production,ACTIVE
AST-CSE-024-055,CSE-024,NextGen Firewall,HIGH,Perimeter Defense,Production,ACTIVE
AST-CSE-024-056,CSE-024,SIEM Collector Node,HIGH,Telemetry Aggregation,Production,ACTIVE
AST-CSE-024-057,CSE-024,SCADA RTU / PLC,HIGH,Industrial Control Gateway,Production,ACTIVE
AST-CSE-024-058,CSE-024,SCADA RTU / PLC,HIGH,Industrial Control Gateway,Production,ACTIVE
AST-CSE-024-059,CSE-024,SCADA RTU / PLC,HIGH,Industrial Control Gateway,Production,ACTIVE
AST-CSE-024-060,CSE-024,Core Banking Switch,HIGH,Payment Processing Engine,Production,ACTIVE
AST-CSE-024-061,CSE-024,Domain Controller (AD),HIGH,Identity and Access Management,Production,ACTIVE
AST-CSE-024-062,CSE-024,OT Engineering Workstation,HIGH,Substation Automation,Production,ACTIVE
AST-CSE-024-063,CSE-024,OT Engineering Workstation,HIGH,Substation Automation,Production,ACTIVE
AST-CSE-024-064,CSE-024,NextGen Firewall,HIGH,Perimeter Defense,Production,ACTIVE
AST-CSE-024-065,CSE-024,SIEM Collector Node,HIGH,Telemetry Aggregation,Production,ACTIVE
AST-CSE-024-066,CSE-024,NextGen Firewall,HIGH,Perimeter Defense,Production,ACTIVE
AST-CSE-024-067,CSE-024,NextGen Firewall,HIGH,Perimeter Defense,Production,ACTIVE
AST-CSE-024-068,CSE-024,OT Engineering Workstation,HIGH,Substation Automation,Production,ACTIVE
AST-CSE-024-069,CSE-024,OT Engineering Workstation,MEDIUM,Substation Automation,Production,ACTIVE
AST-CSE-024-070,CSE-024,NextGen Firewall,MEDIUM,Perimeter Defense,Staging,ACTIVE
AST-CSE-024-071,CSE-024,Core Banking Switch,MEDIUM,Payment Processing Engine,Staging,ACTIVE
AST-CSE-024-072,CSE-024,OT Engineering Workstation,MEDIUM,Substation Automation,Production,ACTIVE
AST-CSE-024-073,CSE-024,Relational Database Server,MEDIUM,Transactional Database,Production,ACTIVE
AST-CSE-024-074,CSE-024,Domain Controller (AD),LOW,Identity and Access Management,DR,ACTIVE
AST-CSE-024-075,CSE-024,NextGen Firewall,LOW,Perimeter Defense,DR,ACTIVE
AST-CSE-024-076,CSE-024,NextGen Firewall,LOW,Perimeter Defense,Production,ACTIVE
AST-CSE-024-077,CSE-024,Relational Database Server,LOW,Transactional Database,Production,ACTIVE
AST-CSE-024-078,CSE-024,Core Banking Switch,MEDIUM,Payment Processing Engine,DR,ACTIVE
AST-CSE-024-079,CSE-024,Core Banking Switch,MEDIUM,Payment Processing Engine,Production,ACTIVE
AST-CSE-024-080,CSE-024,Web Application Server,MEDIUM,Customer Portal,Production,ACTIVE
AST-CSE-024-081,CSE-024,SIEM Collector Node,MEDIUM,Telemetry Aggregation,Staging,ACTIVE
AST-CSE-024-082,CSE-024,Core Banking Switch,LOW,Payment Processing Engine,Production,ACTIVE
AST-CSE-024-083,CSE-024,Web Application Server,MEDIUM,Customer Portal,DR,ACTIVE
AST-CSE-024-084,CSE-024,Core Banking Switch,MEDIUM,Payment Processing Engine,Production,ACTIVE
AST-CSE-024-085,CSE-024,Web Application Server,MEDIUM,Customer Portal,Production,ACTIVE
AST-CSE-024-086,CSE-024,Web Application Server,LOW,Customer Portal,Staging,ACTIVE
AST-CSE-024-087,CSE-024,Domain Controller (AD),MEDIUM,Identity and Access Management,Staging,ACTIVE
AST-CSE-024-088,CSE-024,Relational Database Server,MEDIUM,Transactional Database,Staging,ACTIVE
AST-CSE-024-089,CSE-024,SCADA RTU / PLC,MEDIUM,Industrial Control Gateway,DR,ACTIVE
AST-CSE-024-090,CSE-024,Core Banking Switch,MEDIUM,Payment Processing Engine,Production,ACTIVE
AST-CSE-024-091,CSE-024,Domain Controller (AD),LOW,Identity and Access Management,Production,ACTIVE
AST-CSE-024-092,CSE-024,SIEM Collector Node,MEDIUM,Telemetry Aggregation,DR,ACTIVE
AST-CSE-024-093,CSE-024,OT Engineering Workstation,LOW,Substation Automation,Staging,ACTIVE
AST-CSE-024-094,CSE-024,SCADA RTU / PLC,LOW,Industrial Control Gateway,Staging,ACTIVE
AST-CSE-024-095,CSE-024,SCADA RTU / PLC,LOW,Industrial Control Gateway,Staging,ACTIVE
AST-CSE-024-096,CSE-024,SIEM Collector Node,MEDIUM,Telemetry Aggregation,Production,ACTIVE
AST-CSE-024-097,CSE-024,OT Engineering Workstation,LOW,Substation Automation,Production,ACTIVE
AST-CSE-024-098,CSE-024,SCADA RTU / PLC,MEDIUM,Industrial Control Gateway,Production,ACTIVE
AST-CSE-024-099,CSE-024,Relational Database Server,MEDIUM,Transactional Database,Production,ACTIVE
AST-CSE-024-100,CSE-024,NextGen Firewall,MEDIUM,Perimeter Defense,Production,ACTIVE
AST-CSE-024-101,CSE-024,SIEM Collector Node,MEDIUM,Telemetry Aggregation,Staging,ACTIVE
AST-CSE-024-102,CSE-024,Relational Database Server,LOW,Transactional Database,DR,ACTIVE
AST-CSE-024-103,CSE-024,SCADA RTU / PLC,MEDIUM,Industrial Control Gateway,DR,ACTIVE
AST-CSE-024-104,CSE-024,OT Engineering Workstation,LOW,Substation Automation,Staging,ACTIVE
AST-CSE-024-105,CSE-024,Domain Controller (AD),LOW,Identity and Access Management,Staging,ACTIVE
AST-CSE-025-001,CSE-025,Web Application Server,CRITICAL,Customer Portal,Production,ACTIVE
AST-CSE-025-002,CSE-025,NextGen Firewall,CRITICAL,Perimeter Defense,Production,ACTIVE
AST-CSE-025-003,CSE-025,Relational Database Server,CRITICAL,Transactional Database,Production,ACTIVE
AST-CSE-025-004,CSE-025,Web Application Server,CRITICAL,Customer Portal,Production,ACTIVE
AST-CSE-025-005,CSE-025,Domain Controller (AD),CRITICAL,Identity and Access Management,Production,ACTIVE
AST-CSE-025-006,CSE-025,SIEM Collector Node,CRITICAL,Telemetry Aggregation,Production,ACTIVE
AST-CSE-025-007,CSE-025,Domain Controller (AD),CRITICAL,Identity and Access Management,Production,ACTIVE
AST-CSE-025-008,CSE-025,Relational Database Server,CRITICAL,Transactional Database,Production,ACTIVE
AST-CSE-025-009,CSE-025,Domain Controller (AD),CRITICAL,Identity and Access Management,Production,ACTIVE
AST-CSE-025-010,CSE-025,NextGen Firewall,CRITICAL,Perimeter Defense,Production,ACTIVE
AST-CSE-025-011,CSE-025,OT Engineering Workstation,CRITICAL,Substation Automation,Production,ACTIVE
AST-CSE-025-012,CSE-025,Web Application Server,CRITICAL,Customer Portal,Production,ACTIVE
AST-CSE-025-013,CSE-025,SCADA RTU / PLC,HIGH,Industrial Control Gateway,Production,ACTIVE
AST-CSE-025-014,CSE-025,Domain Controller (AD),HIGH,Identity and Access Management,Production,ACTIVE
AST-CSE-025-015,CSE-025,Relational Database Server,HIGH,Transactional Database,Production,ACTIVE
AST-CSE-025-016,CSE-025,SCADA RTU / PLC,HIGH,Industrial Control Gateway,Production,ACTIVE
AST-CSE-025-017,CSE-025,OT Engineering Workstation,HIGH,Substation Automation,Production,ACTIVE
AST-CSE-025-018,CSE-025,Web Application Server,HIGH,Customer Portal,Production,ACTIVE
AST-CSE-025-019,CSE-025,Web Application Server,HIGH,Customer Portal,Production,ACTIVE
AST-CSE-025-020,CSE-025,Core Banking Switch,HIGH,Payment Processing Engine,Production,ACTIVE
AST-CSE-025-021,CSE-025,Relational Database Server,HIGH,Transactional Database,Production,ACTIVE
AST-CSE-025-022,CSE-025,OT Engineering Workstation,HIGH,Substation Automation,Production,ACTIVE
AST-CSE-025-023,CSE-025,Core Banking Switch,HIGH,Payment Processing Engine,Production,ACTIVE
AST-CSE-025-024,CSE-025,SIEM Collector Node,HIGH,Telemetry Aggregation,Production,ACTIVE
AST-CSE-025-025,CSE-025,Relational Database Server,HIGH,Transactional Database,Production,ACTIVE
AST-CSE-025-026,CSE-025,OT Engineering Workstation,HIGH,Substation Automation,Production,ACTIVE
AST-CSE-025-027,CSE-025,Web Application Server,HIGH,Customer Portal,Production,ACTIVE
AST-CSE-025-028,CSE-025,Domain Controller (AD),HIGH,Identity and Access Management,Production,ACTIVE
AST-CSE-025-029,CSE-025,SCADA RTU / PLC,HIGH,Industrial Control Gateway,Production,ACTIVE
AST-CSE-025-030,CSE-025,Web Application Server,MEDIUM,Customer Portal,Staging,ACTIVE
AST-CSE-025-031,CSE-025,SCADA RTU / PLC,MEDIUM,Industrial Control Gateway,DR,ACTIVE
AST-CSE-025-032,CSE-025,OT Engineering Workstation,MEDIUM,Substation Automation,Staging,ACTIVE
AST-CSE-025-033,CSE-025,Domain Controller (AD),MEDIUM,Identity and Access Management,Production,ACTIVE
AST-CSE-025-034,CSE-025,Web Application Server,MEDIUM,Customer Portal,Staging,ACTIVE
AST-CSE-025-035,CSE-025,Core Banking Switch,MEDIUM,Payment Processing Engine,DR,ACTIVE
AST-CSE-025-036,CSE-025,Relational Database Server,MEDIUM,Transactional Database,Production,ACTIVE
AST-CSE-025-037,CSE-025,SCADA RTU / PLC,MEDIUM,Industrial Control Gateway,Production,ACTIVE
AST-CSE-025-038,CSE-025,OT Engineering Workstation,LOW,Substation Automation,DR,ACTIVE
AST-CSE-025-039,CSE-025,Relational Database Server,LOW,Transactional Database,Production,ACTIVE
AST-CSE-025-040,CSE-025,SIEM Collector Node,LOW,Telemetry Aggregation,Staging,ACTIVE
AST-CSE-025-041,CSE-025,Web Application Server,MEDIUM,Customer Portal,Production,ACTIVE
AST-CSE-025-042,CSE-025,Web Application Server,MEDIUM,Customer Portal,Production,ACTIVE
AST-CSE-025-043,CSE-025,SCADA RTU / PLC,MEDIUM,Industrial Control Gateway,Staging,ACTIVE
AST-CSE-025-044,CSE-025,NextGen Firewall,MEDIUM,Perimeter Defense,Production,ACTIVE
AST-CSE-025-045,CSE-025,Core Banking Switch,LOW,Payment Processing Engine,Production,ACTIVE
AST-CSE-025-046,CSE-025,SIEM Collector Node,MEDIUM,Telemetry Aggregation,Staging,ACTIVE
AST-CSE-026-001,CSE-026,SIEM Collector Node,CRITICAL,Telemetry Aggregation,Production,ACTIVE
AST-CSE-026-002,CSE-026,Domain Controller (AD),CRITICAL,Identity and Access Management,Production,ACTIVE
AST-CSE-026-003,CSE-026,OT Engineering Workstation,CRITICAL,Substation Automation,Production,ACTIVE
AST-CSE-026-004,CSE-026,OT Engineering Workstation,CRITICAL,Substation Automation,Production,ACTIVE
AST-CSE-026-005,CSE-026,Domain Controller (AD),CRITICAL,Identity and Access Management,Production,ACTIVE
AST-CSE-026-006,CSE-026,Domain Controller (AD),CRITICAL,Identity and Access Management,Production,ACTIVE
AST-CSE-026-007,CSE-026,SCADA RTU / PLC,CRITICAL,Industrial Control Gateway,Production,ACTIVE
AST-CSE-026-008,CSE-026,SIEM Collector Node,CRITICAL,Telemetry Aggregation,Production,ACTIVE
AST-CSE-026-009,CSE-026,Web Application Server,CRITICAL,Customer Portal,Production,ACTIVE
AST-CSE-026-010,CSE-026,Web Application Server,CRITICAL,Customer Portal,Production,ACTIVE
AST-CSE-026-011,CSE-026,Domain Controller (AD),CRITICAL,Identity and Access Management,Production,ACTIVE
AST-CSE-026-012,CSE-026,Web Application Server,CRITICAL,Customer Portal,Production,ACTIVE
AST-CSE-026-013,CSE-026,Web Application Server,CRITICAL,Customer Portal,Production,ACTIVE
AST-CSE-026-014,CSE-026,NextGen Firewall,CRITICAL,Perimeter Defense,Production,ACTIVE
AST-CSE-026-015,CSE-026,SCADA RTU / PLC,CRITICAL,Industrial Control Gateway,Production,ACTIVE
AST-CSE-026-016,CSE-026,SCADA RTU / PLC,HIGH,Industrial Control Gateway,Production,ACTIVE
AST-CSE-026-017,CSE-026,SIEM Collector Node,HIGH,Telemetry Aggregation,Production,ACTIVE
AST-CSE-026-018,CSE-026,Domain Controller (AD),HIGH,Identity and Access Management,Production,ACTIVE
AST-CSE-026-019,CSE-026,SIEM Collector Node,HIGH,Telemetry Aggregation,Production,ACTIVE
AST-CSE-026-020,CSE-026,SCADA RTU / PLC,HIGH,Industrial Control Gateway,Production,ACTIVE
AST-CSE-026-021,CSE-026,OT Engineering Workstation,HIGH,Substation Automation,Production,ACTIVE
AST-CSE-026-022,CSE-026,Web Application Server,HIGH,Customer Portal,Production,ACTIVE
AST-CSE-026-023,CSE-026,OT Engineering Workstation,HIGH,Substation Automation,Production,ACTIVE
AST-CSE-026-024,CSE-026,Web Application Server,HIGH,Customer Portal,Production,ACTIVE
AST-CSE-026-025,CSE-026,SCADA RTU / PLC,HIGH,Industrial Control Gateway,Production,ACTIVE
AST-CSE-026-026,CSE-026,NextGen Firewall,HIGH,Perimeter Defense,Production,ACTIVE
AST-CSE-026-027,CSE-026,SIEM Collector Node,HIGH,Telemetry Aggregation,Production,ACTIVE
AST-CSE-026-028,CSE-026,NextGen Firewall,HIGH,Perimeter Defense,Production,ACTIVE
AST-CSE-026-029,CSE-026,Core Banking Switch,HIGH,Payment Processing Engine,Production,ACTIVE
AST-CSE-026-030,CSE-026,Core Banking Switch,HIGH,Payment Processing Engine,Production,ACTIVE
AST-CSE-026-031,CSE-026,OT Engineering Workstation,HIGH,Substation Automation,Production,ACTIVE
AST-CSE-026-032,CSE-026,SIEM Collector Node,HIGH,Telemetry Aggregation,Production,ACTIVE
AST-CSE-026-033,CSE-026,Core Banking Switch,HIGH,Payment Processing Engine,Production,ACTIVE
AST-CSE-026-034,CSE-026,OT Engineering Workstation,HIGH,Substation Automation,Production,ACTIVE
AST-CSE-026-035,CSE-026,SCADA RTU / PLC,HIGH,Industrial Control Gateway,Production,ACTIVE
AST-CSE-026-036,CSE-026,Core Banking Switch,HIGH,Payment Processing Engine,Production,ACTIVE
AST-CSE-026-037,CSE-026,Core Banking Switch,HIGH,Payment Processing Engine,Production,ACTIVE
AST-CSE-026-038,CSE-026,SCADA RTU / PLC,MEDIUM,Industrial Control Gateway,Staging,ACTIVE
AST-CSE-026-039,CSE-026,SIEM Collector Node,MEDIUM,Telemetry Aggregation,DR,ACTIVE
AST-CSE-026-040,CSE-026,NextGen Firewall,LOW,Perimeter Defense,DR,ACTIVE
AST-CSE-026-041,CSE-026,Core Banking Switch,MEDIUM,Payment Processing Engine,DR,ACTIVE
AST-CSE-026-042,CSE-026,SIEM Collector Node,MEDIUM,Telemetry Aggregation,DR,ACTIVE
AST-CSE-026-043,CSE-026,SCADA RTU / PLC,LOW,Industrial Control Gateway,Staging,ACTIVE
AST-CSE-026-044,CSE-026,OT Engineering Workstation,LOW,Substation Automation,DR,ACTIVE
AST-CSE-026-045,CSE-026,NextGen Firewall,MEDIUM,Perimeter Defense,DR,ACTIVE
AST-CSE-026-046,CSE-026,Core Banking Switch,LOW,Payment Processing Engine,Staging,ACTIVE
AST-CSE-026-047,CSE-026,Web Application Server,LOW,Customer Portal,Staging,ACTIVE
AST-CSE-026-048,CSE-026,Web Application Server,MEDIUM,Customer Portal,Production,ACTIVE
AST-CSE-026-049,CSE-026,SIEM Collector Node,LOW,Telemetry Aggregation,Production,ACTIVE
AST-CSE-026-050,CSE-026,Domain Controller (AD),MEDIUM,Identity and Access Management,DR,ACTIVE
AST-CSE-026-051,CSE-026,OT Engineering Workstation,LOW,Substation Automation,Production,ACTIVE
AST-CSE-026-052,CSE-026,SIEM Collector Node,LOW,Telemetry Aggregation,Production,ACTIVE
AST-CSE-026-053,CSE-026,SCADA RTU / PLC,MEDIUM,Industrial Control Gateway,Staging,ACTIVE
AST-CSE-026-054,CSE-026,Web Application Server,LOW,Customer Portal,Production,ACTIVE
AST-CSE-026-055,CSE-026,SCADA RTU / PLC,LOW,Industrial Control Gateway,DR,ACTIVE
AST-CSE-026-056,CSE-026,SIEM Collector Node,LOW,Telemetry Aggregation,Production,ACTIVE
AST-CSE-026-057,CSE-026,NextGen Firewall,MEDIUM,Perimeter Defense,Production,ACTIVE
AST-CSE-027-001,CSE-027,Core Banking Switch,CRITICAL,Payment Processing Engine,Production,ACTIVE
AST-CSE-027-002,CSE-027,Core Banking Switch,CRITICAL,Payment Processing Engine,Production,ACTIVE
AST-CSE-027-003,CSE-027,SIEM Collector Node,CRITICAL,Telemetry Aggregation,Production,ACTIVE
AST-CSE-027-004,CSE-027,Domain Controller (AD),CRITICAL,Identity and Access Management,Production,ACTIVE
AST-CSE-027-005,CSE-027,OT Engineering Workstation,CRITICAL,Substation Automation,Production,ACTIVE
AST-CSE-027-006,CSE-027,Relational Database Server,CRITICAL,Transactional Database,Production,ACTIVE
AST-CSE-027-007,CSE-027,NextGen Firewall,CRITICAL,Perimeter Defense,Production,ACTIVE
AST-CSE-027-008,CSE-027,SCADA RTU / PLC,CRITICAL,Industrial Control Gateway,Production,ACTIVE
AST-CSE-027-009,CSE-027,SIEM Collector Node,CRITICAL,Telemetry Aggregation,Production,ACTIVE
AST-CSE-027-010,CSE-027,SIEM Collector Node,CRITICAL,Telemetry Aggregation,Production,ACTIVE
AST-CSE-027-011,CSE-027,OT Engineering Workstation,CRITICAL,Substation Automation,Production,ACTIVE
AST-CSE-027-012,CSE-027,Core Banking Switch,CRITICAL,Payment Processing Engine,Production,ACTIVE
AST-CSE-027-013,CSE-027,Web Application Server,CRITICAL,Customer Portal,Production,ACTIVE
AST-CSE-027-014,CSE-027,NextGen Firewall,CRITICAL,Perimeter Defense,Production,ACTIVE
AST-CSE-027-015,CSE-027,SIEM Collector Node,CRITICAL,Telemetry Aggregation,Production,ACTIVE
AST-CSE-027-016,CSE-027,NextGen Firewall,CRITICAL,Perimeter Defense,Production,ACTIVE
AST-CSE-027-017,CSE-027,OT Engineering Workstation,CRITICAL,Substation Automation,Production,ACTIVE
AST-CSE-027-018,CSE-027,NextGen Firewall,CRITICAL,Perimeter Defense,Production,ACTIVE
AST-CSE-027-019,CSE-027,Web Application Server,CRITICAL,Customer Portal,Production,ACTIVE
AST-CSE-027-020,CSE-027,SIEM Collector Node,CRITICAL,Telemetry Aggregation,Production,ACTIVE
AST-CSE-027-021,CSE-027,SCADA RTU / PLC,CRITICAL,Industrial Control Gateway,Production,ACTIVE
AST-CSE-027-022,CSE-027,Relational Database Server,HIGH,Transactional Database,Production,ACTIVE
AST-CSE-027-023,CSE-027,Relational Database Server,HIGH,Transactional Database,Production,ACTIVE
AST-CSE-027-024,CSE-027,Web Application Server,HIGH,Customer Portal,Production,ACTIVE
AST-CSE-027-025,CSE-027,SIEM Collector Node,HIGH,Telemetry Aggregation,Production,ACTIVE
AST-CSE-027-026,CSE-027,OT Engineering Workstation,HIGH,Substation Automation,Production,ACTIVE
AST-CSE-027-027,CSE-027,Relational Database Server,HIGH,Transactional Database,Production,ACTIVE
AST-CSE-027-028,CSE-027,Core Banking Switch,HIGH,Payment Processing Engine,Production,ACTIVE
AST-CSE-027-029,CSE-027,Domain Controller (AD),HIGH,Identity and Access Management,Production,ACTIVE
AST-CSE-027-030,CSE-027,SIEM Collector Node,HIGH,Telemetry Aggregation,Production,ACTIVE
AST-CSE-027-031,CSE-027,NextGen Firewall,HIGH,Perimeter Defense,Production,ACTIVE
AST-CSE-027-032,CSE-027,Domain Controller (AD),HIGH,Identity and Access Management,Production,ACTIVE
AST-CSE-027-033,CSE-027,Web Application Server,HIGH,Customer Portal,Production,ACTIVE
AST-CSE-027-034,CSE-027,OT Engineering Workstation,HIGH,Substation Automation,Production,ACTIVE
AST-CSE-027-035,CSE-027,Domain Controller (AD),HIGH,Identity and Access Management,Production,ACTIVE
AST-CSE-027-036,CSE-027,Relational Database Server,HIGH,Transactional Database,Production,ACTIVE
AST-CSE-027-037,CSE-027,NextGen Firewall,HIGH,Perimeter Defense,Production,ACTIVE
AST-CSE-027-038,CSE-027,OT Engineering Workstation,HIGH,Substation Automation,Production,ACTIVE
AST-CSE-027-039,CSE-027,Core Banking Switch,HIGH,Payment Processing Engine,Production,ACTIVE
AST-CSE-027-040,CSE-027,SCADA RTU / PLC,HIGH,Industrial Control Gateway,Production,ACTIVE
AST-CSE-027-041,CSE-027,Web Application Server,HIGH,Customer Portal,Production,ACTIVE
AST-CSE-027-042,CSE-027,Domain Controller (AD),HIGH,Identity and Access Management,Production,ACTIVE
AST-CSE-027-043,CSE-027,Core Banking Switch,HIGH,Payment Processing Engine,Production,ACTIVE
AST-CSE-027-044,CSE-027,SIEM Collector Node,HIGH,Telemetry Aggregation,Production,ACTIVE
AST-CSE-027-045,CSE-027,SIEM Collector Node,HIGH,Telemetry Aggregation,Production,ACTIVE
AST-CSE-027-046,CSE-027,SIEM Collector Node,HIGH,Telemetry Aggregation,Production,ACTIVE
AST-CSE-027-047,CSE-027,OT Engineering Workstation,HIGH,Substation Automation,Production,ACTIVE
AST-CSE-027-048,CSE-027,Domain Controller (AD),HIGH,Identity and Access Management,Production,ACTIVE
AST-CSE-027-049,CSE-027,NextGen Firewall,HIGH,Perimeter Defense,Production,ACTIVE
AST-CSE-027-050,CSE-027,Core Banking Switch,LOW,Payment Processing Engine,DR,ACTIVE
AST-CSE-027-051,CSE-027,Relational Database Server,LOW,Transactional Database,Staging,ACTIVE
AST-CSE-027-052,CSE-027,NextGen Firewall,MEDIUM,Perimeter Defense,Staging,ACTIVE
AST-CSE-027-053,CSE-027,SCADA RTU / PLC,MEDIUM,Industrial Control Gateway,Production,ACTIVE
AST-CSE-027-054,CSE-027,SIEM Collector Node,MEDIUM,Telemetry Aggregation,Staging,ACTIVE
AST-CSE-027-055,CSE-027,Domain Controller (AD),MEDIUM,Identity and Access Management,Staging,ACTIVE
AST-CSE-027-056,CSE-027,NextGen Firewall,MEDIUM,Perimeter Defense,Production,ACTIVE
AST-CSE-027-057,CSE-027,SIEM Collector Node,LOW,Telemetry Aggregation,DR,ACTIVE
AST-CSE-027-058,CSE-027,SCADA RTU / PLC,LOW,Industrial Control Gateway,DR,ACTIVE
AST-CSE-027-059,CSE-027,SCADA RTU / PLC,LOW,Industrial Control Gateway,DR,ACTIVE
AST-CSE-027-060,CSE-027,Core Banking Switch,LOW,Payment Processing Engine,Production,ACTIVE
AST-CSE-027-061,CSE-027,Core Banking Switch,LOW,Payment Processing Engine,Production,ACTIVE
AST-CSE-027-062,CSE-027,SIEM Collector Node,LOW,Telemetry Aggregation,Staging,ACTIVE
AST-CSE-027-063,CSE-027,SIEM Collector Node,LOW,Telemetry Aggregation,Staging,ACTIVE
AST-CSE-027-064,CSE-027,Core Banking Switch,MEDIUM,Payment Processing Engine,Production,ACTIVE
AST-CSE-027-065,CSE-027,OT Engineering Workstation,MEDIUM,Substation Automation,Staging,ACTIVE
AST-CSE-027-066,CSE-027,Web Application Server,MEDIUM,Customer Portal,Production,ACTIVE
AST-CSE-027-067,CSE-027,Domain Controller (AD),LOW,Identity and Access Management,Production,ACTIVE
AST-CSE-027-068,CSE-027,Web Application Server,LOW,Customer Portal,Staging,ACTIVE
AST-CSE-027-069,CSE-027,Domain Controller (AD),MEDIUM,Identity and Access Management,Staging,ACTIVE
AST-CSE-027-070,CSE-027,Domain Controller (AD),MEDIUM,Identity and Access Management,Staging,ACTIVE
AST-CSE-027-071,CSE-027,SIEM Collector Node,LOW,Telemetry Aggregation,Production,ACTIVE
AST-CSE-027-072,CSE-027,SCADA RTU / PLC,MEDIUM,Industrial Control Gateway,Production,ACTIVE
AST-CSE-027-073,CSE-027,SIEM Collector Node,MEDIUM,Telemetry Aggregation,Staging,ACTIVE
AST-CSE-027-074,CSE-027,Domain Controller (AD),MEDIUM,Identity and Access Management,Production,ACTIVE
AST-CSE-027-075,CSE-027,Relational Database Server,LOW,Transactional Database,Production,ACTIVE
AST-CSE-027-076,CSE-027,Domain Controller (AD),LOW,Identity and Access Management,DR,ACTIVE
AST-CSE-028-001,CSE-028,SIEM Collector Node,CRITICAL,Telemetry Aggregation,Production,ACTIVE
AST-CSE-028-002,CSE-028,Core Banking Switch,CRITICAL,Payment Processing Engine,Production,ACTIVE
AST-CSE-028-003,CSE-028,SIEM Collector Node,CRITICAL,Telemetry Aggregation,Production,ACTIVE
AST-CSE-028-004,CSE-028,Web Application Server,CRITICAL,Customer Portal,Production,ACTIVE
AST-CSE-028-005,CSE-028,Domain Controller (AD),CRITICAL,Identity and Access Management,Production,ACTIVE
AST-CSE-028-006,CSE-028,Domain Controller (AD),CRITICAL,Identity and Access Management,Production,ACTIVE
AST-CSE-028-007,CSE-028,Relational Database Server,CRITICAL,Transactional Database,Production,ACTIVE
AST-CSE-028-008,CSE-028,Core Banking Switch,CRITICAL,Payment Processing Engine,Production,ACTIVE
AST-CSE-028-009,CSE-028,OT Engineering Workstation,CRITICAL,Substation Automation,Production,ACTIVE
AST-CSE-028-010,CSE-028,Relational Database Server,CRITICAL,Transactional Database,Production,ACTIVE
AST-CSE-028-011,CSE-028,NextGen Firewall,CRITICAL,Perimeter Defense,Production,ACTIVE
AST-CSE-028-012,CSE-028,OT Engineering Workstation,CRITICAL,Substation Automation,Production,ACTIVE
AST-CSE-028-013,CSE-028,SIEM Collector Node,CRITICAL,Telemetry Aggregation,Production,ACTIVE
AST-CSE-028-014,CSE-028,NextGen Firewall,CRITICAL,Perimeter Defense,Production,ACTIVE
AST-CSE-028-015,CSE-028,Core Banking Switch,CRITICAL,Payment Processing Engine,Production,ACTIVE
AST-CSE-028-016,CSE-028,NextGen Firewall,CRITICAL,Perimeter Defense,Production,ACTIVE
AST-CSE-028-017,CSE-028,Web Application Server,CRITICAL,Customer Portal,Production,ACTIVE
AST-CSE-028-018,CSE-028,Domain Controller (AD),CRITICAL,Identity and Access Management,Production,ACTIVE
AST-CSE-028-019,CSE-028,SCADA RTU / PLC,CRITICAL,Industrial Control Gateway,Production,ACTIVE
AST-CSE-028-020,CSE-028,OT Engineering Workstation,CRITICAL,Substation Automation,Production,ACTIVE
AST-CSE-028-021,CSE-028,SIEM Collector Node,CRITICAL,Telemetry Aggregation,Production,ACTIVE
AST-CSE-028-022,CSE-028,Core Banking Switch,CRITICAL,Payment Processing Engine,Production,ACTIVE
AST-CSE-028-023,CSE-028,SIEM Collector Node,CRITICAL,Telemetry Aggregation,Production,ACTIVE
AST-CSE-028-024,CSE-028,Web Application Server,CRITICAL,Customer Portal,Production,ACTIVE
AST-CSE-028-025,CSE-028,NextGen Firewall,CRITICAL,Perimeter Defense,Production,ACTIVE
AST-CSE-028-026,CSE-028,NextGen Firewall,CRITICAL,Perimeter Defense,Production,ACTIVE
AST-CSE-028-027,CSE-028,SIEM Collector Node,HIGH,Telemetry Aggregation,Production,ACTIVE
AST-CSE-028-028,CSE-028,Relational Database Server,HIGH,Transactional Database,Production,ACTIVE
AST-CSE-028-029,CSE-028,Web Application Server,HIGH,Customer Portal,Production,ACTIVE
AST-CSE-028-030,CSE-028,NextGen Firewall,HIGH,Perimeter Defense,Production,ACTIVE
AST-CSE-028-031,CSE-028,SIEM Collector Node,HIGH,Telemetry Aggregation,Production,ACTIVE
AST-CSE-028-032,CSE-028,Domain Controller (AD),HIGH,Identity and Access Management,Production,ACTIVE
AST-CSE-028-033,CSE-028,SCADA RTU / PLC,HIGH,Industrial Control Gateway,Production,ACTIVE
AST-CSE-028-034,CSE-028,Relational Database Server,HIGH,Transactional Database,Production,ACTIVE
AST-CSE-028-035,CSE-028,OT Engineering Workstation,HIGH,Substation Automation,Production,ACTIVE
AST-CSE-028-036,CSE-028,SCADA RTU / PLC,HIGH,Industrial Control Gateway,Production,ACTIVE
AST-CSE-028-037,CSE-028,OT Engineering Workstation,HIGH,Substation Automation,Production,ACTIVE
AST-CSE-028-038,CSE-028,Domain Controller (AD),HIGH,Identity and Access Management,Production,ACTIVE
AST-CSE-028-039,CSE-028,NextGen Firewall,HIGH,Perimeter Defense,Production,ACTIVE
AST-CSE-028-040,CSE-028,Domain Controller (AD),HIGH,Identity and Access Management,Production,ACTIVE
AST-CSE-028-041,CSE-028,SIEM Collector Node,HIGH,Telemetry Aggregation,Production,ACTIVE
AST-CSE-028-042,CSE-028,NextGen Firewall,HIGH,Perimeter Defense,Production,ACTIVE
AST-CSE-028-043,CSE-028,Web Application Server,HIGH,Customer Portal,Production,ACTIVE
AST-CSE-028-044,CSE-028,NextGen Firewall,HIGH,Perimeter Defense,Production,ACTIVE
AST-CSE-028-045,CSE-028,NextGen Firewall,HIGH,Perimeter Defense,Production,ACTIVE
AST-CSE-028-046,CSE-028,SIEM Collector Node,HIGH,Telemetry Aggregation,Production,ACTIVE
AST-CSE-028-047,CSE-028,SIEM Collector Node,HIGH,Telemetry Aggregation,Production,ACTIVE
AST-CSE-028-048,CSE-028,Web Application Server,HIGH,Customer Portal,Production,ACTIVE
AST-CSE-028-049,CSE-028,OT Engineering Workstation,HIGH,Substation Automation,Production,ACTIVE
AST-CSE-028-050,CSE-028,Domain Controller (AD),HIGH,Identity and Access Management,Production,ACTIVE
AST-CSE-028-051,CSE-028,SIEM Collector Node,HIGH,Telemetry Aggregation,Production,ACTIVE
AST-CSE-028-052,CSE-028,Domain Controller (AD),HIGH,Identity and Access Management,Production,ACTIVE
AST-CSE-028-053,CSE-028,Domain Controller (AD),HIGH,Identity and Access Management,Production,ACTIVE
AST-CSE-028-054,CSE-028,Domain Controller (AD),HIGH,Identity and Access Management,Production,ACTIVE
AST-CSE-028-055,CSE-028,SCADA RTU / PLC,HIGH,Industrial Control Gateway,Production,ACTIVE
AST-CSE-028-056,CSE-028,NextGen Firewall,HIGH,Perimeter Defense,Production,ACTIVE
AST-CSE-028-057,CSE-028,NextGen Firewall,HIGH,Perimeter Defense,Production,ACTIVE
AST-CSE-028-058,CSE-028,SCADA RTU / PLC,HIGH,Industrial Control Gateway,Production,ACTIVE
AST-CSE-028-059,CSE-028,Web Application Server,HIGH,Customer Portal,Production,ACTIVE
AST-CSE-028-060,CSE-028,Web Application Server,HIGH,Customer Portal,Production,ACTIVE
AST-CSE-028-061,CSE-028,SIEM Collector Node,HIGH,Telemetry Aggregation,Production,ACTIVE
AST-CSE-028-062,CSE-028,Relational Database Server,LOW,Transactional Database,DR,ACTIVE
AST-CSE-028-063,CSE-028,Relational Database Server,MEDIUM,Transactional Database,DR,ACTIVE
AST-CSE-028-064,CSE-028,Domain Controller (AD),LOW,Identity and Access Management,Staging,ACTIVE
AST-CSE-028-065,CSE-028,SIEM Collector Node,MEDIUM,Telemetry Aggregation,Production,ACTIVE
AST-CSE-028-066,CSE-028,Core Banking Switch,MEDIUM,Payment Processing Engine,Staging,ACTIVE
AST-CSE-028-067,CSE-028,SCADA RTU / PLC,MEDIUM,Industrial Control Gateway,Staging,ACTIVE
AST-CSE-028-068,CSE-028,Relational Database Server,MEDIUM,Transactional Database,DR,ACTIVE
AST-CSE-028-069,CSE-028,OT Engineering Workstation,MEDIUM,Substation Automation,DR,ACTIVE
AST-CSE-028-070,CSE-028,OT Engineering Workstation,MEDIUM,Substation Automation,Staging,ACTIVE
AST-CSE-028-071,CSE-028,SIEM Collector Node,LOW,Telemetry Aggregation,Production,ACTIVE
AST-CSE-028-072,CSE-028,SCADA RTU / PLC,MEDIUM,Industrial Control Gateway,DR,ACTIVE
AST-CSE-028-073,CSE-028,NextGen Firewall,MEDIUM,Perimeter Defense,Production,ACTIVE
AST-CSE-028-074,CSE-028,Domain Controller (AD),MEDIUM,Identity and Access Management,Staging,ACTIVE
AST-CSE-028-075,CSE-028,Domain Controller (AD),LOW,Identity and Access Management,Staging,ACTIVE
AST-CSE-028-076,CSE-028,NextGen Firewall,MEDIUM,Perimeter Defense,DR,ACTIVE
AST-CSE-028-077,CSE-028,NextGen Firewall,MEDIUM,Perimeter Defense,DR,ACTIVE
AST-CSE-028-078,CSE-028,Web Application Server,LOW,Customer Portal,Production,ACTIVE
AST-CSE-028-079,CSE-028,Core Banking Switch,MEDIUM,Payment Processing Engine,DR,ACTIVE
AST-CSE-028-080,CSE-028,Core Banking Switch,MEDIUM,Payment Processing Engine,DR,ACTIVE
AST-CSE-028-081,CSE-028,OT Engineering Workstation,LOW,Substation Automation,Staging,ACTIVE
AST-CSE-028-082,CSE-028,NextGen Firewall,MEDIUM,Perimeter Defense,Staging,ACTIVE
AST-CSE-028-083,CSE-028,Relational Database Server,MEDIUM,Transactional Database,DR,ACTIVE
AST-CSE-028-084,CSE-028,SCADA RTU / PLC,LOW,Industrial Control Gateway,Production,ACTIVE
AST-CSE-028-085,CSE-028,OT Engineering Workstation,LOW,Substation Automation,Staging,ACTIVE
AST-CSE-028-086,CSE-028,NextGen Firewall,MEDIUM,Perimeter Defense,Staging,ACTIVE
AST-CSE-028-087,CSE-028,Web Application Server,LOW,Customer Portal,Staging,ACTIVE
AST-CSE-028-088,CSE-028,SIEM Collector Node,MEDIUM,Telemetry Aggregation,Production,ACTIVE
AST-CSE-028-089,CSE-028,OT Engineering Workstation,LOW,Substation Automation,Staging,ACTIVE
AST-CSE-028-090,CSE-028,Core Banking Switch,LOW,Payment Processing Engine,DR,ACTIVE
AST-CSE-028-091,CSE-028,NextGen Firewall,MEDIUM,Perimeter Defense,Staging,ACTIVE
AST-CSE-028-092,CSE-028,NextGen Firewall,MEDIUM,Perimeter Defense,DR,ACTIVE
AST-CSE-028-093,CSE-028,Web Application Server,MEDIUM,Customer Portal,Staging,ACTIVE
AST-CSE-028-094,CSE-028,SIEM Collector Node,LOW,Telemetry Aggregation,Staging,ACTIVE
AST-CSE-029-001,CSE-029,Relational Database Server,CRITICAL,Transactional Database,Production,ACTIVE
AST-CSE-029-002,CSE-029,OT Engineering Workstation,CRITICAL,Substation Automation,Production,ACTIVE
AST-CSE-029-003,CSE-029,Core Banking Switch,CRITICAL,Payment Processing Engine,Production,ACTIVE
AST-CSE-029-004,CSE-029,Relational Database Server,CRITICAL,Transactional Database,Production,ACTIVE
AST-CSE-029-005,CSE-029,SCADA RTU / PLC,CRITICAL,Industrial Control Gateway,Production,ACTIVE
AST-CSE-029-006,CSE-029,Relational Database Server,CRITICAL,Transactional Database,Production,ACTIVE
AST-CSE-029-007,CSE-029,SCADA RTU / PLC,CRITICAL,Industrial Control Gateway,Production,ACTIVE
AST-CSE-029-008,CSE-029,NextGen Firewall,CRITICAL,Perimeter Defense,Production,ACTIVE
AST-CSE-029-009,CSE-029,Core Banking Switch,CRITICAL,Payment Processing Engine,Production,ACTIVE
AST-CSE-029-010,CSE-029,Domain Controller (AD),CRITICAL,Identity and Access Management,Production,ACTIVE
AST-CSE-029-011,CSE-029,Relational Database Server,CRITICAL,Transactional Database,Production,ACTIVE
AST-CSE-029-012,CSE-029,SCADA RTU / PLC,CRITICAL,Industrial Control Gateway,Production,ACTIVE
AST-CSE-029-013,CSE-029,Core Banking Switch,CRITICAL,Payment Processing Engine,Production,ACTIVE
AST-CSE-029-014,CSE-029,Domain Controller (AD),CRITICAL,Identity and Access Management,Production,ACTIVE
AST-CSE-029-015,CSE-029,Web Application Server,CRITICAL,Customer Portal,Production,ACTIVE
AST-CSE-029-016,CSE-029,Web Application Server,CRITICAL,Customer Portal,Production,ACTIVE
AST-CSE-029-017,CSE-029,Web Application Server,CRITICAL,Customer Portal,Production,ACTIVE
AST-CSE-029-018,CSE-029,OT Engineering Workstation,HIGH,Substation Automation,Production,ACTIVE
AST-CSE-029-019,CSE-029,Web Application Server,HIGH,Customer Portal,Production,ACTIVE
AST-CSE-029-020,CSE-029,NextGen Firewall,HIGH,Perimeter Defense,Production,ACTIVE
AST-CSE-029-021,CSE-029,Domain Controller (AD),HIGH,Identity and Access Management,Production,ACTIVE
AST-CSE-029-022,CSE-029,Core Banking Switch,HIGH,Payment Processing Engine,Production,ACTIVE
AST-CSE-029-023,CSE-029,Domain Controller (AD),HIGH,Identity and Access Management,Production,ACTIVE
AST-CSE-029-024,CSE-029,Core Banking Switch,HIGH,Payment Processing Engine,Production,ACTIVE
AST-CSE-029-025,CSE-029,SIEM Collector Node,HIGH,Telemetry Aggregation,Production,ACTIVE
AST-CSE-029-026,CSE-029,OT Engineering Workstation,HIGH,Substation Automation,Production,ACTIVE
AST-CSE-029-027,CSE-029,NextGen Firewall,HIGH,Perimeter Defense,Production,ACTIVE
AST-CSE-029-028,CSE-029,Web Application Server,HIGH,Customer Portal,Production,ACTIVE
AST-CSE-029-029,CSE-029,NextGen Firewall,HIGH,Perimeter Defense,Production,ACTIVE
AST-CSE-029-030,CSE-029,NextGen Firewall,HIGH,Perimeter Defense,Production,ACTIVE
AST-CSE-029-031,CSE-029,Web Application Server,HIGH,Customer Portal,Production,ACTIVE
AST-CSE-029-032,CSE-029,NextGen Firewall,HIGH,Perimeter Defense,Production,ACTIVE
AST-CSE-029-033,CSE-029,Web Application Server,HIGH,Customer Portal,Production,ACTIVE
AST-CSE-029-034,CSE-029,Web Application Server,HIGH,Customer Portal,Production,ACTIVE
AST-CSE-029-035,CSE-029,OT Engineering Workstation,HIGH,Substation Automation,Production,ACTIVE
AST-CSE-029-036,CSE-029,SCADA RTU / PLC,HIGH,Industrial Control Gateway,Production,ACTIVE
AST-CSE-029-037,CSE-029,NextGen Firewall,HIGH,Perimeter Defense,Production,ACTIVE
AST-CSE-029-038,CSE-029,Domain Controller (AD),HIGH,Identity and Access Management,Production,ACTIVE
AST-CSE-029-039,CSE-029,OT Engineering Workstation,HIGH,Substation Automation,Production,ACTIVE
AST-CSE-029-040,CSE-029,NextGen Firewall,HIGH,Perimeter Defense,Production,ACTIVE
AST-CSE-029-041,CSE-029,SIEM Collector Node,MEDIUM,Telemetry Aggregation,DR,ACTIVE
AST-CSE-029-042,CSE-029,OT Engineering Workstation,MEDIUM,Substation Automation,Staging,ACTIVE
AST-CSE-029-043,CSE-029,SIEM Collector Node,MEDIUM,Telemetry Aggregation,DR,ACTIVE
AST-CSE-029-044,CSE-029,Core Banking Switch,LOW,Payment Processing Engine,Staging,ACTIVE
AST-CSE-029-045,CSE-029,SIEM Collector Node,MEDIUM,Telemetry Aggregation,Production,ACTIVE
AST-CSE-029-046,CSE-029,SIEM Collector Node,LOW,Telemetry Aggregation,DR,ACTIVE
AST-CSE-029-047,CSE-029,OT Engineering Workstation,LOW,Substation Automation,DR,ACTIVE
AST-CSE-029-048,CSE-029,Domain Controller (AD),MEDIUM,Identity and Access Management,Production,ACTIVE
AST-CSE-029-049,CSE-029,Core Banking Switch,LOW,Payment Processing Engine,Production,ACTIVE
AST-CSE-029-050,CSE-029,Relational Database Server,MEDIUM,Transactional Database,Staging,ACTIVE
AST-CSE-029-051,CSE-029,SCADA RTU / PLC,MEDIUM,Industrial Control Gateway,DR,ACTIVE
AST-CSE-029-052,CSE-029,SCADA RTU / PLC,MEDIUM,Industrial Control Gateway,Staging,ACTIVE
AST-CSE-029-053,CSE-029,Relational Database Server,MEDIUM,Transactional Database,DR,ACTIVE
AST-CSE-029-054,CSE-029,SCADA RTU / PLC,MEDIUM,Industrial Control Gateway,Staging,ACTIVE
AST-CSE-029-055,CSE-029,NextGen Firewall,MEDIUM,Perimeter Defense,Production,ACTIVE
AST-CSE-029-056,CSE-029,Domain Controller (AD),MEDIUM,Identity and Access Management,Production,ACTIVE
AST-CSE-029-057,CSE-029,Domain Controller (AD),MEDIUM,Identity and Access Management,DR,ACTIVE
AST-CSE-029-058,CSE-029,Core Banking Switch,MEDIUM,Payment Processing Engine,DR,ACTIVE
AST-CSE-029-059,CSE-029,Domain Controller (AD),LOW,Identity and Access Management,DR,ACTIVE
AST-CSE-029-060,CSE-029,Relational Database Server,LOW,Transactional Database,Staging,ACTIVE
AST-CSE-029-061,CSE-029,Domain Controller (AD),LOW,Identity and Access Management,Production,ACTIVE
AST-CSE-029-062,CSE-029,Core Banking Switch,LOW,Payment Processing Engine,Staging,ACTIVE
AST-CSE-030-001,CSE-030,Domain Controller (AD),CRITICAL,Identity and Access Management,Production,ACTIVE
AST-CSE-030-002,CSE-030,SCADA RTU / PLC,CRITICAL,Industrial Control Gateway,Production,ACTIVE
AST-CSE-030-003,CSE-030,Web Application Server,CRITICAL,Customer Portal,Production,ACTIVE
AST-CSE-030-004,CSE-030,SCADA RTU / PLC,CRITICAL,Industrial Control Gateway,Production,ACTIVE
AST-CSE-030-005,CSE-030,SIEM Collector Node,CRITICAL,Telemetry Aggregation,Production,ACTIVE
AST-CSE-030-006,CSE-030,OT Engineering Workstation,CRITICAL,Substation Automation,Production,ACTIVE
AST-CSE-030-007,CSE-030,SIEM Collector Node,CRITICAL,Telemetry Aggregation,Production,ACTIVE
AST-CSE-030-008,CSE-030,SCADA RTU / PLC,CRITICAL,Industrial Control Gateway,Production,ACTIVE
AST-CSE-030-009,CSE-030,Core Banking Switch,CRITICAL,Payment Processing Engine,Production,ACTIVE
AST-CSE-030-010,CSE-030,SIEM Collector Node,CRITICAL,Telemetry Aggregation,Production,ACTIVE
AST-CSE-030-011,CSE-030,Domain Controller (AD),CRITICAL,Identity and Access Management,Production,ACTIVE
AST-CSE-030-012,CSE-030,Domain Controller (AD),CRITICAL,Identity and Access Management,Production,ACTIVE
AST-CSE-030-013,CSE-030,Domain Controller (AD),CRITICAL,Identity and Access Management,Production,ACTIVE
AST-CSE-030-014,CSE-030,NextGen Firewall,CRITICAL,Perimeter Defense,Production,ACTIVE
AST-CSE-030-015,CSE-030,Relational Database Server,CRITICAL,Transactional Database,Production,ACTIVE
AST-CSE-030-016,CSE-030,SCADA RTU / PLC,CRITICAL,Industrial Control Gateway,Production,ACTIVE
AST-CSE-030-017,CSE-030,NextGen Firewall,CRITICAL,Perimeter Defense,Production,ACTIVE
AST-CSE-030-018,CSE-030,Domain Controller (AD),CRITICAL,Identity and Access Management,Production,ACTIVE
AST-CSE-030-019,CSE-030,SCADA RTU / PLC,HIGH,Industrial Control Gateway,Production,ACTIVE
AST-CSE-030-020,CSE-030,NextGen Firewall,HIGH,Perimeter Defense,Production,ACTIVE
AST-CSE-030-021,CSE-030,Relational Database Server,HIGH,Transactional Database,Production,ACTIVE
AST-CSE-030-022,CSE-030,Relational Database Server,HIGH,Transactional Database,Production,ACTIVE
AST-CSE-030-023,CSE-030,Relational Database Server,HIGH,Transactional Database,Production,ACTIVE
AST-CSE-030-024,CSE-030,Relational Database Server,HIGH,Transactional Database,Production,ACTIVE
AST-CSE-030-025,CSE-030,Core Banking Switch,HIGH,Payment Processing Engine,Production,ACTIVE
AST-CSE-030-026,CSE-030,Core Banking Switch,HIGH,Payment Processing Engine,Production,ACTIVE
AST-CSE-030-027,CSE-030,Core Banking Switch,HIGH,Payment Processing Engine,Production,ACTIVE
AST-CSE-030-028,CSE-030,NextGen Firewall,HIGH,Perimeter Defense,Production,ACTIVE
AST-CSE-030-029,CSE-030,SCADA RTU / PLC,HIGH,Industrial Control Gateway,Production,ACTIVE
AST-CSE-030-030,CSE-030,NextGen Firewall,HIGH,Perimeter Defense,Production,ACTIVE
AST-CSE-030-031,CSE-030,SIEM Collector Node,HIGH,Telemetry Aggregation,Production,ACTIVE
AST-CSE-030-032,CSE-030,OT Engineering Workstation,HIGH,Substation Automation,Production,ACTIVE
AST-CSE-030-033,CSE-030,SIEM Collector Node,HIGH,Telemetry Aggregation,Production,ACTIVE
AST-CSE-030-034,CSE-030,Relational Database Server,HIGH,Transactional Database,Production,ACTIVE
AST-CSE-030-035,CSE-030,Web Application Server,HIGH,Customer Portal,Production,ACTIVE
AST-CSE-030-036,CSE-030,Web Application Server,HIGH,Customer Portal,Production,ACTIVE
AST-CSE-030-037,CSE-030,SCADA RTU / PLC,HIGH,Industrial Control Gateway,Production,ACTIVE
AST-CSE-030-038,CSE-030,Core Banking Switch,HIGH,Payment Processing Engine,Production,ACTIVE
AST-CSE-030-039,CSE-030,SIEM Collector Node,HIGH,Telemetry Aggregation,Production,ACTIVE
AST-CSE-030-040,CSE-030,SCADA RTU / PLC,HIGH,Industrial Control Gateway,Production,ACTIVE
AST-CSE-030-041,CSE-030,NextGen Firewall,HIGH,Perimeter Defense,Production,ACTIVE
AST-CSE-030-042,CSE-030,SIEM Collector Node,HIGH,Telemetry Aggregation,Production,ACTIVE
AST-CSE-030-043,CSE-030,Domain Controller (AD),HIGH,Identity and Access Management,Production,ACTIVE
AST-CSE-030-044,CSE-030,SCADA RTU / PLC,MEDIUM,Industrial Control Gateway,Production,ACTIVE
AST-CSE-030-045,CSE-030,Web Application Server,LOW,Customer Portal,Staging,ACTIVE
AST-CSE-030-046,CSE-030,Core Banking Switch,MEDIUM,Payment Processing Engine,Staging,ACTIVE
AST-CSE-030-047,CSE-030,SIEM Collector Node,LOW,Telemetry Aggregation,Staging,ACTIVE
AST-CSE-030-048,CSE-030,Domain Controller (AD),MEDIUM,Identity and Access Management,Staging,ACTIVE
AST-CSE-030-049,CSE-030,SIEM Collector Node,LOW,Telemetry Aggregation,Production,ACTIVE
AST-CSE-030-050,CSE-030,Domain Controller (AD),MEDIUM,Identity and Access Management,DR,ACTIVE
AST-CSE-030-051,CSE-030,Core Banking Switch,LOW,Payment Processing Engine,Production,ACTIVE
AST-CSE-030-052,CSE-030,OT Engineering Workstation,MEDIUM,Substation Automation,DR,ACTIVE
AST-CSE-030-053,CSE-030,Relational Database Server,LOW,Transactional Database,DR,ACTIVE
AST-CSE-030-054,CSE-030,NextGen Firewall,MEDIUM,Perimeter Defense,DR,ACTIVE
AST-CSE-030-055,CSE-030,Relational Database Server,MEDIUM,Transactional Database,Production,ACTIVE
AST-CSE-030-056,CSE-030,SIEM Collector Node,LOW,Telemetry Aggregation,Production,ACTIVE
AST-CSE-030-057,CSE-030,Relational Database Server,MEDIUM,Transactional Database,Production,ACTIVE
AST-CSE-030-058,CSE-030,SIEM Collector Node,MEDIUM,Telemetry Aggregation,DR,ACTIVE
AST-CSE-030-059,CSE-030,Domain Controller (AD),MEDIUM,Identity and Access Management,DR,ACTIVE
AST-CSE-030-060,CSE-030,Domain Controller (AD),LOW,Identity and Access Management,DR,ACTIVE
AST-CSE-030-061,CSE-030,SIEM Collector Node,MEDIUM,Telemetry Aggregation,Staging,ACTIVE
AST-CSE-030-062,CSE-030,Web Application Server,MEDIUM,Customer Portal,Staging,ACTIVE
AST-CSE-030-063,CSE-030,Domain Controller (AD),MEDIUM,Identity and Access Management,Staging,ACTIVE
AST-CSE-030-064,CSE-030,Domain Controller (AD),LOW,Identity and Access Management,Production,ACTIVE
AST-CSE-030-065,CSE-030,Core Banking Switch,LOW,Payment Processing Engine,DR,ACTIVE
AST-CSE-030-066,CSE-030,OT Engineering Workstation,LOW,Substation Automation,Staging,ACTIVE
AST-CSE-030-067,CSE-030,OT Engineering Workstation,MEDIUM,Substation Automation,Staging,ACTIVE
AST-CSE-031-001,CSE-031,Web Application Server,CRITICAL,Customer Portal,Production,ACTIVE
AST-CSE-031-002,CSE-031,SCADA RTU / PLC,CRITICAL,Industrial Control Gateway,Production,ACTIVE
AST-CSE-031-003,CSE-031,Core Banking Switch,CRITICAL,Payment Processing Engine,Production,ACTIVE
AST-CSE-031-004,CSE-031,SIEM Collector Node,CRITICAL,Telemetry Aggregation,Production,ACTIVE
AST-CSE-031-005,CSE-031,SIEM Collector Node,CRITICAL,Telemetry Aggregation,Production,ACTIVE
AST-CSE-031-006,CSE-031,Core Banking Switch,CRITICAL,Payment Processing Engine,Production,ACTIVE
AST-CSE-031-007,CSE-031,Domain Controller (AD),CRITICAL,Identity and Access Management,Production,ACTIVE
AST-CSE-031-008,CSE-031,OT Engineering Workstation,CRITICAL,Substation Automation,Production,ACTIVE
AST-CSE-031-009,CSE-031,NextGen Firewall,CRITICAL,Perimeter Defense,Production,ACTIVE
AST-CSE-031-010,CSE-031,SIEM Collector Node,CRITICAL,Telemetry Aggregation,Production,ACTIVE
AST-CSE-031-011,CSE-031,Relational Database Server,CRITICAL,Transactional Database,Production,ACTIVE
AST-CSE-031-012,CSE-031,Domain Controller (AD),CRITICAL,Identity and Access Management,Production,ACTIVE
AST-CSE-031-013,CSE-031,NextGen Firewall,CRITICAL,Perimeter Defense,Production,ACTIVE
AST-CSE-031-014,CSE-031,Web Application Server,CRITICAL,Customer Portal,Production,ACTIVE
AST-CSE-031-015,CSE-031,Relational Database Server,HIGH,Transactional Database,Production,ACTIVE
AST-CSE-031-016,CSE-031,Web Application Server,HIGH,Customer Portal,Production,ACTIVE
AST-CSE-031-017,CSE-031,Relational Database Server,HIGH,Transactional Database,Production,ACTIVE
AST-CSE-031-018,CSE-031,NextGen Firewall,HIGH,Perimeter Defense,Production,ACTIVE
AST-CSE-031-019,CSE-031,SCADA RTU / PLC,HIGH,Industrial Control Gateway,Production,ACTIVE
AST-CSE-031-020,CSE-031,SIEM Collector Node,HIGH,Telemetry Aggregation,Production,ACTIVE
AST-CSE-031-021,CSE-031,SIEM Collector Node,HIGH,Telemetry Aggregation,Production,ACTIVE
AST-CSE-031-022,CSE-031,SCADA RTU / PLC,HIGH,Industrial Control Gateway,Production,ACTIVE
AST-CSE-031-023,CSE-031,SCADA RTU / PLC,HIGH,Industrial Control Gateway,Production,ACTIVE
AST-CSE-031-024,CSE-031,SIEM Collector Node,HIGH,Telemetry Aggregation,Production,ACTIVE
AST-CSE-031-025,CSE-031,OT Engineering Workstation,HIGH,Substation Automation,Production,ACTIVE
AST-CSE-031-026,CSE-031,SIEM Collector Node,HIGH,Telemetry Aggregation,Production,ACTIVE
AST-CSE-031-027,CSE-031,Domain Controller (AD),HIGH,Identity and Access Management,Production,ACTIVE
AST-CSE-031-028,CSE-031,NextGen Firewall,HIGH,Perimeter Defense,Production,ACTIVE
AST-CSE-031-029,CSE-031,SCADA RTU / PLC,HIGH,Industrial Control Gateway,Production,ACTIVE
AST-CSE-031-030,CSE-031,Domain Controller (AD),HIGH,Identity and Access Management,Production,ACTIVE
AST-CSE-031-031,CSE-031,NextGen Firewall,HIGH,Perimeter Defense,Production,ACTIVE
AST-CSE-031-032,CSE-031,Relational Database Server,HIGH,Transactional Database,Production,ACTIVE
AST-CSE-031-033,CSE-031,Web Application Server,HIGH,Customer Portal,Production,ACTIVE
AST-CSE-031-034,CSE-031,NextGen Firewall,LOW,Perimeter Defense,DR,ACTIVE
AST-CSE-031-035,CSE-031,OT Engineering Workstation,LOW,Substation Automation,Staging,ACTIVE
AST-CSE-031-036,CSE-031,SCADA RTU / PLC,LOW,Industrial Control Gateway,Production,ACTIVE
AST-CSE-031-037,CSE-031,Relational Database Server,LOW,Transactional Database,DR,ACTIVE
AST-CSE-031-038,CSE-031,Web Application Server,MEDIUM,Customer Portal,Staging,ACTIVE
AST-CSE-031-039,CSE-031,OT Engineering Workstation,MEDIUM,Substation Automation,Staging,ACTIVE
AST-CSE-031-040,CSE-031,NextGen Firewall,MEDIUM,Perimeter Defense,Production,ACTIVE
AST-CSE-031-041,CSE-031,OT Engineering Workstation,MEDIUM,Substation Automation,Production,ACTIVE
AST-CSE-031-042,CSE-031,NextGen Firewall,LOW,Perimeter Defense,DR,ACTIVE
AST-CSE-031-043,CSE-031,Relational Database Server,MEDIUM,Transactional Database,Production,ACTIVE
AST-CSE-031-044,CSE-031,Core Banking Switch,LOW,Payment Processing Engine,Staging,ACTIVE
AST-CSE-031-045,CSE-031,NextGen Firewall,MEDIUM,Perimeter Defense,DR,ACTIVE
AST-CSE-031-046,CSE-031,SCADA RTU / PLC,MEDIUM,Industrial Control Gateway,Production,ACTIVE
AST-CSE-031-047,CSE-031,OT Engineering Workstation,LOW,Substation Automation,DR,ACTIVE
AST-CSE-031-048,CSE-031,Core Banking Switch,MEDIUM,Payment Processing Engine,Staging,ACTIVE
AST-CSE-031-049,CSE-031,OT Engineering Workstation,LOW,Substation Automation,DR,ACTIVE
AST-CSE-031-050,CSE-031,SCADA RTU / PLC,MEDIUM,Industrial Control Gateway,DR,ACTIVE
AST-CSE-031-051,CSE-031,Relational Database Server,MEDIUM,Transactional Database,Production,ACTIVE
AST-CSE-032-001,CSE-032,Relational Database Server,CRITICAL,Transactional Database,Production,ACTIVE
AST-CSE-032-002,CSE-032,Relational Database Server,CRITICAL,Transactional Database,Production,ACTIVE
AST-CSE-032-003,CSE-032,Domain Controller (AD),CRITICAL,Identity and Access Management,Production,ACTIVE
AST-CSE-032-004,CSE-032,NextGen Firewall,CRITICAL,Perimeter Defense,Production,ACTIVE
AST-CSE-032-005,CSE-032,Core Banking Switch,CRITICAL,Payment Processing Engine,Production,ACTIVE
AST-CSE-032-006,CSE-032,SIEM Collector Node,CRITICAL,Telemetry Aggregation,Production,ACTIVE
AST-CSE-032-007,CSE-032,NextGen Firewall,CRITICAL,Perimeter Defense,Production,ACTIVE
AST-CSE-032-008,CSE-032,Relational Database Server,CRITICAL,Transactional Database,Production,ACTIVE
AST-CSE-032-009,CSE-032,Relational Database Server,CRITICAL,Transactional Database,Production,ACTIVE
AST-CSE-032-010,CSE-032,Domain Controller (AD),CRITICAL,Identity and Access Management,Production,ACTIVE
AST-CSE-032-011,CSE-032,OT Engineering Workstation,CRITICAL,Substation Automation,Production,ACTIVE
AST-CSE-032-012,CSE-032,Core Banking Switch,CRITICAL,Payment Processing Engine,Production,ACTIVE
AST-CSE-032-013,CSE-032,SIEM Collector Node,CRITICAL,Telemetry Aggregation,Production,ACTIVE
AST-CSE-032-014,CSE-032,SIEM Collector Node,CRITICAL,Telemetry Aggregation,Production,ACTIVE
AST-CSE-032-015,CSE-032,Core Banking Switch,CRITICAL,Payment Processing Engine,Production,ACTIVE
AST-CSE-032-016,CSE-032,Web Application Server,CRITICAL,Customer Portal,Production,ACTIVE
AST-CSE-032-017,CSE-032,Web Application Server,CRITICAL,Customer Portal,Production,ACTIVE
AST-CSE-032-018,CSE-032,SCADA RTU / PLC,CRITICAL,Industrial Control Gateway,Production,ACTIVE
AST-CSE-032-019,CSE-032,Domain Controller (AD),CRITICAL,Identity and Access Management,Production,ACTIVE
AST-CSE-032-020,CSE-032,Domain Controller (AD),CRITICAL,Identity and Access Management,Production,ACTIVE
AST-CSE-032-021,CSE-032,Relational Database Server,HIGH,Transactional Database,Production,ACTIVE
AST-CSE-032-022,CSE-032,Domain Controller (AD),HIGH,Identity and Access Management,Production,ACTIVE
AST-CSE-032-023,CSE-032,SCADA RTU / PLC,HIGH,Industrial Control Gateway,Production,ACTIVE
AST-CSE-032-024,CSE-032,Core Banking Switch,HIGH,Payment Processing Engine,Production,ACTIVE
AST-CSE-032-025,CSE-032,OT Engineering Workstation,HIGH,Substation Automation,Production,ACTIVE
AST-CSE-032-026,CSE-032,NextGen Firewall,HIGH,Perimeter Defense,Production,ACTIVE
AST-CSE-032-027,CSE-032,Core Banking Switch,HIGH,Payment Processing Engine,Production,ACTIVE
AST-CSE-032-028,CSE-032,Domain Controller (AD),HIGH,Identity and Access Management,Production,ACTIVE
AST-CSE-032-029,CSE-032,Core Banking Switch,HIGH,Payment Processing Engine,Production,ACTIVE
AST-CSE-032-030,CSE-032,SCADA RTU / PLC,HIGH,Industrial Control Gateway,Production,ACTIVE
AST-CSE-032-031,CSE-032,SIEM Collector Node,HIGH,Telemetry Aggregation,Production,ACTIVE
AST-CSE-032-032,CSE-032,Relational Database Server,HIGH,Transactional Database,Production,ACTIVE
AST-CSE-032-033,CSE-032,Web Application Server,HIGH,Customer Portal,Production,ACTIVE
AST-CSE-032-034,CSE-032,NextGen Firewall,HIGH,Perimeter Defense,Production,ACTIVE
AST-CSE-032-035,CSE-032,Relational Database Server,HIGH,Transactional Database,Production,ACTIVE
AST-CSE-032-036,CSE-032,Domain Controller (AD),HIGH,Identity and Access Management,Production,ACTIVE
AST-CSE-032-037,CSE-032,OT Engineering Workstation,HIGH,Substation Automation,Production,ACTIVE
AST-CSE-032-038,CSE-032,NextGen Firewall,HIGH,Perimeter Defense,Production,ACTIVE
AST-CSE-032-039,CSE-032,SCADA RTU / PLC,HIGH,Industrial Control Gateway,Production,ACTIVE
AST-CSE-032-040,CSE-032,NextGen Firewall,HIGH,Perimeter Defense,Production,ACTIVE
AST-CSE-032-041,CSE-032,Relational Database Server,HIGH,Transactional Database,Production,ACTIVE
AST-CSE-032-042,CSE-032,OT Engineering Workstation,HIGH,Substation Automation,Production,ACTIVE
AST-CSE-032-043,CSE-032,SIEM Collector Node,HIGH,Telemetry Aggregation,Production,ACTIVE
AST-CSE-032-044,CSE-032,NextGen Firewall,HIGH,Perimeter Defense,Production,ACTIVE
AST-CSE-032-045,CSE-032,OT Engineering Workstation,HIGH,Substation Automation,Production,ACTIVE
AST-CSE-032-046,CSE-032,Relational Database Server,HIGH,Transactional Database,Production,ACTIVE
AST-CSE-032-047,CSE-032,Core Banking Switch,LOW,Payment Processing Engine,Production,ACTIVE
AST-CSE-032-048,CSE-032,SCADA RTU / PLC,MEDIUM,Industrial Control Gateway,Staging,ACTIVE
AST-CSE-032-049,CSE-032,OT Engineering Workstation,MEDIUM,Substation Automation,Production,ACTIVE
AST-CSE-032-050,CSE-032,Core Banking Switch,MEDIUM,Payment Processing Engine,Production,ACTIVE
AST-CSE-032-051,CSE-032,SCADA RTU / PLC,MEDIUM,Industrial Control Gateway,Production,ACTIVE
AST-CSE-032-052,CSE-032,SIEM Collector Node,LOW,Telemetry Aggregation,DR,ACTIVE
AST-CSE-032-053,CSE-032,SCADA RTU / PLC,MEDIUM,Industrial Control Gateway,DR,ACTIVE
AST-CSE-032-054,CSE-032,Web Application Server,MEDIUM,Customer Portal,Production,ACTIVE
AST-CSE-032-055,CSE-032,Core Banking Switch,LOW,Payment Processing Engine,DR,ACTIVE
AST-CSE-032-056,CSE-032,SIEM Collector Node,MEDIUM,Telemetry Aggregation,DR,ACTIVE
AST-CSE-032-057,CSE-032,SIEM Collector Node,MEDIUM,Telemetry Aggregation,Production,ACTIVE
AST-CSE-032-058,CSE-032,SCADA RTU / PLC,LOW,Industrial Control Gateway,DR,ACTIVE
AST-CSE-032-059,CSE-032,OT Engineering Workstation,MEDIUM,Substation Automation,Production,ACTIVE
AST-CSE-032-060,CSE-032,Web Application Server,MEDIUM,Customer Portal,DR,ACTIVE
AST-CSE-032-061,CSE-032,Web Application Server,MEDIUM,Customer Portal,Production,ACTIVE
AST-CSE-032-062,CSE-032,OT Engineering Workstation,MEDIUM,Substation Automation,Staging,ACTIVE
AST-CSE-032-063,CSE-032,Relational Database Server,LOW,Transactional Database,DR,ACTIVE
AST-CSE-032-064,CSE-032,Relational Database Server,LOW,Transactional Database,Staging,ACTIVE
AST-CSE-032-065,CSE-032,OT Engineering Workstation,LOW,Substation Automation,Staging,ACTIVE
AST-CSE-032-066,CSE-032,NextGen Firewall,MEDIUM,Perimeter Defense,Production,ACTIVE
AST-CSE-032-067,CSE-032,SIEM Collector Node,LOW,Telemetry Aggregation,Staging,ACTIVE
AST-CSE-032-068,CSE-032,Web Application Server,MEDIUM,Customer Portal,Staging,ACTIVE
AST-CSE-032-069,CSE-032,OT Engineering Workstation,LOW,Substation Automation,DR,ACTIVE
AST-CSE-032-070,CSE-032,NextGen Firewall,LOW,Perimeter Defense,Production,ACTIVE
AST-CSE-032-071,CSE-032,Relational Database Server,LOW,Transactional Database,Production,ACTIVE
AST-CSE-032-072,CSE-032,SIEM Collector Node,LOW,Telemetry Aggregation,Production,ACTIVE
AST-CSE-033-001,CSE-033,Relational Database Server,CRITICAL,Transactional Database,Production,ACTIVE
AST-CSE-033-002,CSE-033,SCADA RTU / PLC,CRITICAL,Industrial Control Gateway,Production,ACTIVE
AST-CSE-033-003,CSE-033,Web Application Server,CRITICAL,Customer Portal,Production,ACTIVE
AST-CSE-033-004,CSE-033,SCADA RTU / PLC,CRITICAL,Industrial Control Gateway,Production,ACTIVE
AST-CSE-033-005,CSE-033,SCADA RTU / PLC,CRITICAL,Industrial Control Gateway,Production,ACTIVE
AST-CSE-033-006,CSE-033,NextGen Firewall,CRITICAL,Perimeter Defense,Production,ACTIVE
AST-CSE-033-007,CSE-033,Web Application Server,CRITICAL,Customer Portal,Production,ACTIVE
AST-CSE-033-008,CSE-033,SCADA RTU / PLC,CRITICAL,Industrial Control Gateway,Production,ACTIVE
AST-CSE-033-009,CSE-033,Core Banking Switch,CRITICAL,Payment Processing Engine,Production,ACTIVE
AST-CSE-033-010,CSE-033,OT Engineering Workstation,CRITICAL,Substation Automation,Production,ACTIVE
AST-CSE-033-011,CSE-033,SIEM Collector Node,CRITICAL,Telemetry Aggregation,Production,ACTIVE
AST-CSE-033-012,CSE-033,SCADA RTU / PLC,CRITICAL,Industrial Control Gateway,Production,ACTIVE
AST-CSE-033-013,CSE-033,Core Banking Switch,CRITICAL,Payment Processing Engine,Production,ACTIVE
AST-CSE-033-014,CSE-033,Domain Controller (AD),CRITICAL,Identity and Access Management,Production,ACTIVE
AST-CSE-033-015,CSE-033,SIEM Collector Node,CRITICAL,Telemetry Aggregation,Production,ACTIVE
AST-CSE-033-016,CSE-033,Relational Database Server,CRITICAL,Transactional Database,Production,ACTIVE
AST-CSE-033-017,CSE-033,SCADA RTU / PLC,CRITICAL,Industrial Control Gateway,Production,ACTIVE
AST-CSE-033-018,CSE-033,OT Engineering Workstation,CRITICAL,Substation Automation,Production,ACTIVE
AST-CSE-033-019,CSE-033,Domain Controller (AD),CRITICAL,Identity and Access Management,Production,ACTIVE
AST-CSE-033-020,CSE-033,Core Banking Switch,CRITICAL,Payment Processing Engine,Production,ACTIVE
AST-CSE-033-021,CSE-033,Web Application Server,CRITICAL,Customer Portal,Production,ACTIVE
AST-CSE-033-022,CSE-033,SCADA RTU / PLC,CRITICAL,Industrial Control Gateway,Production,ACTIVE
AST-CSE-033-023,CSE-033,OT Engineering Workstation,CRITICAL,Substation Automation,Production,ACTIVE
AST-CSE-033-024,CSE-033,Web Application Server,CRITICAL,Customer Portal,Production,ACTIVE
AST-CSE-033-025,CSE-033,NextGen Firewall,CRITICAL,Perimeter Defense,Production,ACTIVE
AST-CSE-033-026,CSE-033,SCADA RTU / PLC,CRITICAL,Industrial Control Gateway,Production,ACTIVE
AST-CSE-033-027,CSE-033,SCADA RTU / PLC,HIGH,Industrial Control Gateway,Production,ACTIVE
AST-CSE-033-028,CSE-033,Web Application Server,HIGH,Customer Portal,Production,ACTIVE
AST-CSE-033-029,CSE-033,SCADA RTU / PLC,HIGH,Industrial Control Gateway,Production,ACTIVE
AST-CSE-033-030,CSE-033,Web Application Server,HIGH,Customer Portal,Production,ACTIVE
AST-CSE-033-031,CSE-033,SCADA RTU / PLC,HIGH,Industrial Control Gateway,Production,ACTIVE
AST-CSE-033-032,CSE-033,NextGen Firewall,HIGH,Perimeter Defense,Production,ACTIVE
AST-CSE-033-033,CSE-033,Core Banking Switch,HIGH,Payment Processing Engine,Production,ACTIVE
AST-CSE-033-034,CSE-033,Web Application Server,HIGH,Customer Portal,Production,ACTIVE
AST-CSE-033-035,CSE-033,Web Application Server,HIGH,Customer Portal,Production,ACTIVE
AST-CSE-033-036,CSE-033,Core Banking Switch,HIGH,Payment Processing Engine,Production,ACTIVE
AST-CSE-033-037,CSE-033,Core Banking Switch,HIGH,Payment Processing Engine,Production,ACTIVE
AST-CSE-033-038,CSE-033,Domain Controller (AD),HIGH,Identity and Access Management,Production,ACTIVE
AST-CSE-033-039,CSE-033,NextGen Firewall,HIGH,Perimeter Defense,Production,ACTIVE
AST-CSE-033-040,CSE-033,Domain Controller (AD),HIGH,Identity and Access Management,Production,ACTIVE
AST-CSE-033-041,CSE-033,Relational Database Server,HIGH,Transactional Database,Production,ACTIVE
AST-CSE-033-042,CSE-033,NextGen Firewall,HIGH,Perimeter Defense,Production,ACTIVE
AST-CSE-033-043,CSE-033,NextGen Firewall,HIGH,Perimeter Defense,Production,ACTIVE
AST-CSE-033-044,CSE-033,NextGen Firewall,HIGH,Perimeter Defense,Production,ACTIVE
AST-CSE-033-045,CSE-033,OT Engineering Workstation,HIGH,Substation Automation,Production,ACTIVE
AST-CSE-033-046,CSE-033,OT Engineering Workstation,HIGH,Substation Automation,Production,ACTIVE
AST-CSE-033-047,CSE-033,Web Application Server,HIGH,Customer Portal,Production,ACTIVE
AST-CSE-033-048,CSE-033,SCADA RTU / PLC,HIGH,Industrial Control Gateway,Production,ACTIVE
AST-CSE-033-049,CSE-033,Relational Database Server,HIGH,Transactional Database,Production,ACTIVE
AST-CSE-033-050,CSE-033,Relational Database Server,HIGH,Transactional Database,Production,ACTIVE
AST-CSE-033-051,CSE-033,SIEM Collector Node,HIGH,Telemetry Aggregation,Production,ACTIVE
AST-CSE-033-052,CSE-033,Web Application Server,HIGH,Customer Portal,Production,ACTIVE
AST-CSE-033-053,CSE-033,SIEM Collector Node,HIGH,Telemetry Aggregation,Production,ACTIVE
AST-CSE-033-054,CSE-033,Relational Database Server,HIGH,Transactional Database,Production,ACTIVE
AST-CSE-033-055,CSE-033,NextGen Firewall,HIGH,Perimeter Defense,Production,ACTIVE
AST-CSE-033-056,CSE-033,NextGen Firewall,HIGH,Perimeter Defense,Production,ACTIVE
AST-CSE-033-057,CSE-033,OT Engineering Workstation,HIGH,Substation Automation,Production,ACTIVE
AST-CSE-033-058,CSE-033,SIEM Collector Node,HIGH,Telemetry Aggregation,Production,ACTIVE
AST-CSE-033-059,CSE-033,SCADA RTU / PLC,HIGH,Industrial Control Gateway,Production,ACTIVE
AST-CSE-033-060,CSE-033,Core Banking Switch,HIGH,Payment Processing Engine,Production,ACTIVE
AST-CSE-033-061,CSE-033,NextGen Firewall,MEDIUM,Perimeter Defense,Production,ACTIVE
AST-CSE-033-062,CSE-033,OT Engineering Workstation,LOW,Substation Automation,Production,ACTIVE
AST-CSE-033-063,CSE-033,SIEM Collector Node,MEDIUM,Telemetry Aggregation,Staging,ACTIVE
AST-CSE-033-064,CSE-033,Web Application Server,LOW,Customer Portal,DR,ACTIVE
AST-CSE-033-065,CSE-033,NextGen Firewall,MEDIUM,Perimeter Defense,Staging,ACTIVE
AST-CSE-033-066,CSE-033,SIEM Collector Node,MEDIUM,Telemetry Aggregation,Staging,ACTIVE
AST-CSE-033-067,CSE-033,NextGen Firewall,LOW,Perimeter Defense,Production,ACTIVE
AST-CSE-033-068,CSE-033,Core Banking Switch,MEDIUM,Payment Processing Engine,Production,ACTIVE
AST-CSE-033-069,CSE-033,Domain Controller (AD),MEDIUM,Identity and Access Management,Staging,ACTIVE
AST-CSE-033-070,CSE-033,Core Banking Switch,LOW,Payment Processing Engine,Production,ACTIVE
AST-CSE-033-071,CSE-033,NextGen Firewall,LOW,Perimeter Defense,Production,ACTIVE
AST-CSE-033-072,CSE-033,NextGen Firewall,LOW,Perimeter Defense,Production,ACTIVE
AST-CSE-033-073,CSE-033,OT Engineering Workstation,LOW,Substation Automation,Staging,ACTIVE
AST-CSE-033-074,CSE-033,NextGen Firewall,MEDIUM,Perimeter Defense,Production,ACTIVE
AST-CSE-033-075,CSE-033,NextGen Firewall,MEDIUM,Perimeter Defense,DR,ACTIVE
AST-CSE-033-076,CSE-033,OT Engineering Workstation,LOW,Substation Automation,Staging,ACTIVE
AST-CSE-033-077,CSE-033,Core Banking Switch,LOW,Payment Processing Engine,Staging,ACTIVE
AST-CSE-033-078,CSE-033,OT Engineering Workstation,LOW,Substation Automation,DR,ACTIVE
AST-CSE-033-079,CSE-033,NextGen Firewall,LOW,Perimeter Defense,Staging,ACTIVE
AST-CSE-033-080,CSE-033,Relational Database Server,MEDIUM,Transactional Database,Production,ACTIVE
AST-CSE-033-081,CSE-033,Relational Database Server,LOW,Transactional Database,Production,ACTIVE
AST-CSE-033-082,CSE-033,Relational Database Server,LOW,Transactional Database,Staging,ACTIVE
AST-CSE-033-083,CSE-033,NextGen Firewall,LOW,Perimeter Defense,Production,ACTIVE
AST-CSE-033-084,CSE-033,NextGen Firewall,LOW,Perimeter Defense,Staging,ACTIVE
AST-CSE-033-085,CSE-033,SCADA RTU / PLC,MEDIUM,Industrial Control Gateway,Staging,ACTIVE
AST-CSE-033-086,CSE-033,Web Application Server,MEDIUM,Customer Portal,Staging,ACTIVE
AST-CSE-033-087,CSE-033,Web Application Server,MEDIUM,Customer Portal,DR,ACTIVE
AST-CSE-033-088,CSE-033,Relational Database Server,MEDIUM,Transactional Database,Production,ACTIVE
AST-CSE-033-089,CSE-033,Relational Database Server,LOW,Transactional Database,Production,ACTIVE
AST-CSE-033-090,CSE-033,SCADA RTU / PLC,LOW,Industrial Control Gateway,Production,ACTIVE
AST-CSE-033-091,CSE-033,OT Engineering Workstation,LOW,Substation Automation,Staging,ACTIVE
AST-CSE-033-092,CSE-033,SCADA RTU / PLC,MEDIUM,Industrial Control Gateway,Production,ACTIVE
AST-CSE-033-093,CSE-033,Domain Controller (AD),MEDIUM,Identity and Access Management,Staging,ACTIVE
AST-CSE-034-001,CSE-034,Web Application Server,CRITICAL,Customer Portal,Production,ACTIVE
AST-CSE-034-002,CSE-034,NextGen Firewall,CRITICAL,Perimeter Defense,Production,ACTIVE
AST-CSE-034-003,CSE-034,Relational Database Server,CRITICAL,Transactional Database,Production,ACTIVE
AST-CSE-034-004,CSE-034,Core Banking Switch,CRITICAL,Payment Processing Engine,Production,ACTIVE
AST-CSE-034-005,CSE-034,NextGen Firewall,CRITICAL,Perimeter Defense,Production,ACTIVE
AST-CSE-034-006,CSE-034,Core Banking Switch,CRITICAL,Payment Processing Engine,Production,ACTIVE
AST-CSE-034-007,CSE-034,Relational Database Server,CRITICAL,Transactional Database,Production,ACTIVE
AST-CSE-034-008,CSE-034,Core Banking Switch,CRITICAL,Payment Processing Engine,Production,ACTIVE
AST-CSE-034-009,CSE-034,Core Banking Switch,CRITICAL,Payment Processing Engine,Production,ACTIVE
AST-CSE-034-010,CSE-034,Web Application Server,CRITICAL,Customer Portal,Production,ACTIVE
AST-CSE-034-011,CSE-034,Relational Database Server,CRITICAL,Transactional Database,Production,ACTIVE
AST-CSE-034-012,CSE-034,Core Banking Switch,CRITICAL,Payment Processing Engine,Production,ACTIVE
AST-CSE-034-013,CSE-034,Core Banking Switch,CRITICAL,Payment Processing Engine,Production,ACTIVE
AST-CSE-034-014,CSE-034,Core Banking Switch,CRITICAL,Payment Processing Engine,Production,ACTIVE
AST-CSE-034-015,CSE-034,SCADA RTU / PLC,CRITICAL,Industrial Control Gateway,Production,ACTIVE
AST-CSE-034-016,CSE-034,Core Banking Switch,CRITICAL,Payment Processing Engine,Production,ACTIVE
AST-CSE-034-017,CSE-034,SIEM Collector Node,CRITICAL,Telemetry Aggregation,Production,ACTIVE
AST-CSE-034-018,CSE-034,OT Engineering Workstation,CRITICAL,Substation Automation,Production,ACTIVE
AST-CSE-034-019,CSE-034,Domain Controller (AD),CRITICAL,Identity and Access Management,Production,ACTIVE
AST-CSE-034-020,CSE-034,Web Application Server,CRITICAL,Customer Portal,Production,ACTIVE
AST-CSE-034-021,CSE-034,SIEM Collector Node,CRITICAL,Telemetry Aggregation,Production,ACTIVE
AST-CSE-034-022,CSE-034,SCADA RTU / PLC,CRITICAL,Industrial Control Gateway,Production,ACTIVE
AST-CSE-034-023,CSE-034,SCADA RTU / PLC,HIGH,Industrial Control Gateway,Production,ACTIVE
AST-CSE-034-024,CSE-034,SIEM Collector Node,HIGH,Telemetry Aggregation,Production,ACTIVE
AST-CSE-034-025,CSE-034,Domain Controller (AD),HIGH,Identity and Access Management,Production,ACTIVE
AST-CSE-034-026,CSE-034,NextGen Firewall,HIGH,Perimeter Defense,Production,ACTIVE
AST-CSE-034-027,CSE-034,OT Engineering Workstation,HIGH,Substation Automation,Production,ACTIVE
AST-CSE-034-028,CSE-034,Domain Controller (AD),HIGH,Identity and Access Management,Production,ACTIVE
AST-CSE-034-029,CSE-034,Relational Database Server,HIGH,Transactional Database,Production,ACTIVE
AST-CSE-034-030,CSE-034,Web Application Server,HIGH,Customer Portal,Production,ACTIVE
AST-CSE-034-031,CSE-034,Relational Database Server,HIGH,Transactional Database,Production,ACTIVE
AST-CSE-034-032,CSE-034,Web Application Server,HIGH,Customer Portal,Production,ACTIVE
AST-CSE-034-033,CSE-034,Web Application Server,HIGH,Customer Portal,Production,ACTIVE
AST-CSE-034-034,CSE-034,SCADA RTU / PLC,HIGH,Industrial Control Gateway,Production,ACTIVE
AST-CSE-034-035,CSE-034,SCADA RTU / PLC,HIGH,Industrial Control Gateway,Production,ACTIVE
AST-CSE-034-036,CSE-034,Web Application Server,HIGH,Customer Portal,Production,ACTIVE
AST-CSE-034-037,CSE-034,SCADA RTU / PLC,HIGH,Industrial Control Gateway,Production,ACTIVE
AST-CSE-034-038,CSE-034,Relational Database Server,HIGH,Transactional Database,Production,ACTIVE
AST-CSE-034-039,CSE-034,SCADA RTU / PLC,HIGH,Industrial Control Gateway,Production,ACTIVE
AST-CSE-034-040,CSE-034,SCADA RTU / PLC,HIGH,Industrial Control Gateway,Production,ACTIVE
AST-CSE-034-041,CSE-034,Core Banking Switch,HIGH,Payment Processing Engine,Production,ACTIVE
AST-CSE-034-042,CSE-034,OT Engineering Workstation,HIGH,Substation Automation,Production,ACTIVE
AST-CSE-034-043,CSE-034,NextGen Firewall,HIGH,Perimeter Defense,Production,ACTIVE
AST-CSE-034-044,CSE-034,NextGen Firewall,HIGH,Perimeter Defense,Production,ACTIVE
AST-CSE-034-045,CSE-034,Web Application Server,HIGH,Customer Portal,Production,ACTIVE
AST-CSE-034-046,CSE-034,OT Engineering Workstation,HIGH,Substation Automation,Production,ACTIVE
AST-CSE-034-047,CSE-034,NextGen Firewall,HIGH,Perimeter Defense,Production,ACTIVE
AST-CSE-034-048,CSE-034,SCADA RTU / PLC,HIGH,Industrial Control Gateway,Production,ACTIVE
AST-CSE-034-049,CSE-034,SCADA RTU / PLC,HIGH,Industrial Control Gateway,Production,ACTIVE
AST-CSE-034-050,CSE-034,Web Application Server,HIGH,Customer Portal,Production,ACTIVE
AST-CSE-034-051,CSE-034,OT Engineering Workstation,HIGH,Substation Automation,Production,ACTIVE
AST-CSE-034-052,CSE-034,NextGen Firewall,HIGH,Perimeter Defense,Production,ACTIVE
AST-CSE-034-053,CSE-034,NextGen Firewall,LOW,Perimeter Defense,Production,ACTIVE
AST-CSE-034-054,CSE-034,SIEM Collector Node,MEDIUM,Telemetry Aggregation,Production,ACTIVE
AST-CSE-034-055,CSE-034,Domain Controller (AD),LOW,Identity and Access Management,Production,ACTIVE
AST-CSE-034-056,CSE-034,Domain Controller (AD),LOW,Identity and Access Management,DR,ACTIVE
AST-CSE-034-057,CSE-034,SIEM Collector Node,MEDIUM,Telemetry Aggregation,Production,ACTIVE
AST-CSE-034-058,CSE-034,Web Application Server,MEDIUM,Customer Portal,Staging,ACTIVE
AST-CSE-034-059,CSE-034,SCADA RTU / PLC,LOW,Industrial Control Gateway,Production,ACTIVE
AST-CSE-034-060,CSE-034,SIEM Collector Node,LOW,Telemetry Aggregation,DR,ACTIVE
AST-CSE-034-061,CSE-034,OT Engineering Workstation,MEDIUM,Substation Automation,Production,ACTIVE
AST-CSE-034-062,CSE-034,OT Engineering Workstation,MEDIUM,Substation Automation,Staging,ACTIVE
AST-CSE-034-063,CSE-034,SCADA RTU / PLC,LOW,Industrial Control Gateway,Staging,ACTIVE
AST-CSE-034-064,CSE-034,Domain Controller (AD),LOW,Identity and Access Management,Staging,ACTIVE
AST-CSE-034-065,CSE-034,Relational Database Server,LOW,Transactional Database,Staging,ACTIVE
AST-CSE-034-066,CSE-034,Domain Controller (AD),MEDIUM,Identity and Access Management,DR,ACTIVE
AST-CSE-034-067,CSE-034,Core Banking Switch,LOW,Payment Processing Engine,Staging,ACTIVE
AST-CSE-034-068,CSE-034,Core Banking Switch,LOW,Payment Processing Engine,DR,ACTIVE
AST-CSE-034-069,CSE-034,Web Application Server,LOW,Customer Portal,Production,ACTIVE
AST-CSE-034-070,CSE-034,SCADA RTU / PLC,LOW,Industrial Control Gateway,DR,ACTIVE
AST-CSE-034-071,CSE-034,SIEM Collector Node,LOW,Telemetry Aggregation,DR,ACTIVE
AST-CSE-034-072,CSE-034,SCADA RTU / PLC,MEDIUM,Industrial Control Gateway,Production,ACTIVE
AST-CSE-034-073,CSE-034,Relational Database Server,MEDIUM,Transactional Database,DR,ACTIVE
AST-CSE-034-074,CSE-034,SCADA RTU / PLC,LOW,Industrial Control Gateway,Staging,ACTIVE
AST-CSE-034-075,CSE-034,SCADA RTU / PLC,MEDIUM,Industrial Control Gateway,Staging,ACTIVE
AST-CSE-034-076,CSE-034,SCADA RTU / PLC,MEDIUM,Industrial Control Gateway,DR,ACTIVE
AST-CSE-034-077,CSE-034,Core Banking Switch,LOW,Payment Processing Engine,Staging,ACTIVE
AST-CSE-034-078,CSE-034,Domain Controller (AD),MEDIUM,Identity and Access Management,DR,ACTIVE
AST-CSE-034-079,CSE-034,Domain Controller (AD),LOW,Identity and Access Management,Production,ACTIVE
AST-CSE-034-080,CSE-034,OT Engineering Workstation,MEDIUM,Substation Automation,Production,ACTIVE
AST-CSE-034-081,CSE-034,Relational Database Server,MEDIUM,Transactional Database,Staging,ACTIVE
AST-CSE-035-001,CSE-035,SIEM Collector Node,CRITICAL,Telemetry Aggregation,Production,ACTIVE
AST-CSE-035-002,CSE-035,SIEM Collector Node,CRITICAL,Telemetry Aggregation,Production,ACTIVE
AST-CSE-035-003,CSE-035,NextGen Firewall,CRITICAL,Perimeter Defense,Production,ACTIVE
AST-CSE-035-004,CSE-035,OT Engineering Workstation,CRITICAL,Substation Automation,Production,ACTIVE
AST-CSE-035-005,CSE-035,Domain Controller (AD),CRITICAL,Identity and Access Management,Production,ACTIVE
AST-CSE-035-006,CSE-035,Core Banking Switch,CRITICAL,Payment Processing Engine,Production,ACTIVE
AST-CSE-035-007,CSE-035,SCADA RTU / PLC,CRITICAL,Industrial Control Gateway,Production,ACTIVE
AST-CSE-035-008,CSE-035,SIEM Collector Node,CRITICAL,Telemetry Aggregation,Production,ACTIVE
AST-CSE-035-009,CSE-035,Domain Controller (AD),CRITICAL,Identity and Access Management,Production,ACTIVE
AST-CSE-035-010,CSE-035,SIEM Collector Node,CRITICAL,Telemetry Aggregation,Production,ACTIVE
AST-CSE-035-011,CSE-035,NextGen Firewall,CRITICAL,Perimeter Defense,Production,ACTIVE
AST-CSE-035-012,CSE-035,Core Banking Switch,CRITICAL,Payment Processing Engine,Production,ACTIVE
AST-CSE-035-013,CSE-035,OT Engineering Workstation,CRITICAL,Substation Automation,Production,ACTIVE
AST-CSE-035-014,CSE-035,NextGen Firewall,CRITICAL,Perimeter Defense,Production,ACTIVE
AST-CSE-035-015,CSE-035,SIEM Collector Node,CRITICAL,Telemetry Aggregation,Production,ACTIVE
AST-CSE-035-016,CSE-035,OT Engineering Workstation,CRITICAL,Substation Automation,Production,ACTIVE
AST-CSE-035-017,CSE-035,SCADA RTU / PLC,CRITICAL,Industrial Control Gateway,Production,ACTIVE
AST-CSE-035-018,CSE-035,SIEM Collector Node,CRITICAL,Telemetry Aggregation,Production,ACTIVE
AST-CSE-035-019,CSE-035,Relational Database Server,CRITICAL,Transactional Database,Production,ACTIVE
AST-CSE-035-020,CSE-035,SIEM Collector Node,CRITICAL,Telemetry Aggregation,Production,ACTIVE
AST-CSE-035-021,CSE-035,SCADA RTU / PLC,CRITICAL,Industrial Control Gateway,Production,ACTIVE
AST-CSE-035-022,CSE-035,Domain Controller (AD),CRITICAL,Identity and Access Management,Production,ACTIVE
AST-CSE-035-023,CSE-035,SCADA RTU / PLC,CRITICAL,Industrial Control Gateway,Production,ACTIVE
AST-CSE-035-024,CSE-035,OT Engineering Workstation,CRITICAL,Substation Automation,Production,ACTIVE
AST-CSE-035-025,CSE-035,Domain Controller (AD),CRITICAL,Identity and Access Management,Production,ACTIVE
AST-CSE-035-026,CSE-035,Core Banking Switch,CRITICAL,Payment Processing Engine,Production,ACTIVE
AST-CSE-035-027,CSE-035,SCADA RTU / PLC,HIGH,Industrial Control Gateway,Production,ACTIVE
AST-CSE-035-028,CSE-035,Relational Database Server,HIGH,Transactional Database,Production,ACTIVE
AST-CSE-035-029,CSE-035,Core Banking Switch,HIGH,Payment Processing Engine,Production,ACTIVE
AST-CSE-035-030,CSE-035,NextGen Firewall,HIGH,Perimeter Defense,Production,ACTIVE
AST-CSE-035-031,CSE-035,Web Application Server,HIGH,Customer Portal,Production,ACTIVE
AST-CSE-035-032,CSE-035,NextGen Firewall,HIGH,Perimeter Defense,Production,ACTIVE
AST-CSE-035-033,CSE-035,SCADA RTU / PLC,HIGH,Industrial Control Gateway,Production,ACTIVE
AST-CSE-035-034,CSE-035,Web Application Server,HIGH,Customer Portal,Production,ACTIVE
AST-CSE-035-035,CSE-035,OT Engineering Workstation,HIGH,Substation Automation,Production,ACTIVE
AST-CSE-035-036,CSE-035,Domain Controller (AD),HIGH,Identity and Access Management,Production,ACTIVE
AST-CSE-035-037,CSE-035,OT Engineering Workstation,HIGH,Substation Automation,Production,ACTIVE
AST-CSE-035-038,CSE-035,Web Application Server,HIGH,Customer Portal,Production,ACTIVE
AST-CSE-035-039,CSE-035,Web Application Server,HIGH,Customer Portal,Production,ACTIVE
AST-CSE-035-040,CSE-035,Domain Controller (AD),HIGH,Identity and Access Management,Production,ACTIVE
AST-CSE-035-041,CSE-035,SIEM Collector Node,HIGH,Telemetry Aggregation,Production,ACTIVE
AST-CSE-035-042,CSE-035,Web Application Server,HIGH,Customer Portal,Production,ACTIVE
AST-CSE-035-043,CSE-035,Core Banking Switch,HIGH,Payment Processing Engine,Production,ACTIVE
AST-CSE-035-044,CSE-035,SIEM Collector Node,HIGH,Telemetry Aggregation,Production,ACTIVE
AST-CSE-035-045,CSE-035,SCADA RTU / PLC,HIGH,Industrial Control Gateway,Production,ACTIVE
AST-CSE-035-046,CSE-035,SCADA RTU / PLC,HIGH,Industrial Control Gateway,Production,ACTIVE
AST-CSE-035-047,CSE-035,SIEM Collector Node,HIGH,Telemetry Aggregation,Production,ACTIVE
AST-CSE-035-048,CSE-035,SCADA RTU / PLC,HIGH,Industrial Control Gateway,Production,ACTIVE
AST-CSE-035-049,CSE-035,Relational Database Server,HIGH,Transactional Database,Production,ACTIVE
AST-CSE-035-050,CSE-035,Web Application Server,HIGH,Customer Portal,Production,ACTIVE
AST-CSE-035-051,CSE-035,NextGen Firewall,HIGH,Perimeter Defense,Production,ACTIVE
AST-CSE-035-052,CSE-035,Domain Controller (AD),HIGH,Identity and Access Management,Production,ACTIVE
AST-CSE-035-053,CSE-035,SCADA RTU / PLC,HIGH,Industrial Control Gateway,Production,ACTIVE
AST-CSE-035-054,CSE-035,OT Engineering Workstation,HIGH,Substation Automation,Production,ACTIVE
AST-CSE-035-055,CSE-035,SCADA RTU / PLC,HIGH,Industrial Control Gateway,Production,ACTIVE
AST-CSE-035-056,CSE-035,SCADA RTU / PLC,HIGH,Industrial Control Gateway,Production,ACTIVE
AST-CSE-035-057,CSE-035,Web Application Server,HIGH,Customer Portal,Production,ACTIVE
AST-CSE-035-058,CSE-035,Relational Database Server,HIGH,Transactional Database,Production,ACTIVE
AST-CSE-035-059,CSE-035,Web Application Server,HIGH,Customer Portal,Production,ACTIVE
AST-CSE-035-060,CSE-035,Web Application Server,HIGH,Customer Portal,Production,ACTIVE
AST-CSE-035-061,CSE-035,SIEM Collector Node,HIGH,Telemetry Aggregation,Production,ACTIVE
AST-CSE-035-062,CSE-035,Domain Controller (AD),HIGH,Identity and Access Management,Production,ACTIVE
AST-CSE-035-063,CSE-035,Core Banking Switch,LOW,Payment Processing Engine,Staging,ACTIVE
AST-CSE-035-064,CSE-035,OT Engineering Workstation,MEDIUM,Substation Automation,DR,ACTIVE
AST-CSE-035-065,CSE-035,Relational Database Server,LOW,Transactional Database,Staging,ACTIVE
AST-CSE-035-066,CSE-035,Domain Controller (AD),MEDIUM,Identity and Access Management,Staging,ACTIVE
AST-CSE-035-067,CSE-035,SIEM Collector Node,MEDIUM,Telemetry Aggregation,Production,ACTIVE
AST-CSE-035-068,CSE-035,Relational Database Server,MEDIUM,Transactional Database,Production,ACTIVE
AST-CSE-035-069,CSE-035,Relational Database Server,MEDIUM,Transactional Database,DR,ACTIVE
AST-CSE-035-070,CSE-035,SCADA RTU / PLC,LOW,Industrial Control Gateway,Staging,ACTIVE
AST-CSE-035-071,CSE-035,NextGen Firewall,LOW,Perimeter Defense,Production,ACTIVE
AST-CSE-035-072,CSE-035,SIEM Collector Node,MEDIUM,Telemetry Aggregation,Staging,ACTIVE
AST-CSE-035-073,CSE-035,NextGen Firewall,MEDIUM,Perimeter Defense,Staging,ACTIVE
AST-CSE-035-074,CSE-035,NextGen Firewall,MEDIUM,Perimeter Defense,DR,ACTIVE
AST-CSE-035-075,CSE-035,OT Engineering Workstation,MEDIUM,Substation Automation,DR,ACTIVE
AST-CSE-035-076,CSE-035,Core Banking Switch,MEDIUM,Payment Processing Engine,DR,ACTIVE
AST-CSE-035-077,CSE-035,OT Engineering Workstation,MEDIUM,Substation Automation,Production,ACTIVE
AST-CSE-035-078,CSE-035,Core Banking Switch,MEDIUM,Payment Processing Engine,Production,ACTIVE
AST-CSE-035-079,CSE-035,Domain Controller (AD),LOW,Identity and Access Management,Staging,ACTIVE
AST-CSE-035-080,CSE-035,NextGen Firewall,MEDIUM,Perimeter Defense,Production,ACTIVE
AST-CSE-035-081,CSE-035,Domain Controller (AD),LOW,Identity and Access Management,Production,ACTIVE
AST-CSE-035-082,CSE-035,Relational Database Server,MEDIUM,Transactional Database,DR,ACTIVE
AST-CSE-035-083,CSE-035,Relational Database Server,LOW,Transactional Database,Production,ACTIVE
AST-CSE-035-084,CSE-035,SIEM Collector Node,LOW,Telemetry Aggregation,DR,ACTIVE
AST-CSE-035-085,CSE-035,SCADA RTU / PLC,MEDIUM,Industrial Control Gateway,Staging,ACTIVE
AST-CSE-035-086,CSE-035,Core Banking Switch,MEDIUM,Payment Processing Engine,Production,ACTIVE
AST-CSE-035-087,CSE-035,Relational Database Server,LOW,Transactional Database,Production,ACTIVE
AST-CSE-035-088,CSE-035,NextGen Firewall,MEDIUM,Perimeter Defense,Staging,ACTIVE
AST-CSE-035-089,CSE-035,Relational Database Server,MEDIUM,Transactional Database,Production,ACTIVE
AST-CSE-035-090,CSE-035,Relational Database Server,MEDIUM,Transactional Database,Production,ACTIVE
AST-CSE-035-091,CSE-035,OT Engineering Workstation,MEDIUM,Substation Automation,Production,ACTIVE
AST-CSE-035-092,CSE-035,Core Banking Switch,LOW,Payment Processing Engine,Staging,ACTIVE
AST-CSE-035-093,CSE-035,Domain Controller (AD),MEDIUM,Identity and Access Management,Staging,ACTIVE
AST-CSE-035-094,CSE-035,OT Engineering Workstation,MEDIUM,Substation Automation,Staging,ACTIVE
AST-CSE-035-095,CSE-035,Core Banking Switch,LOW,Payment Processing Engine,Staging,ACTIVE
AST-CSE-035-096,CSE-035,Relational Database Server,LOW,Transactional Database,Staging,ACTIVE
AST-CSE-036-001,CSE-036,Relational Database Server,CRITICAL,Transactional Database,Production,ACTIVE
AST-CSE-036-002,CSE-036,Domain Controller (AD),CRITICAL,Identity and Access Management,Production,ACTIVE
AST-CSE-036-003,CSE-036,Web Application Server,CRITICAL,Customer Portal,Production,ACTIVE
AST-CSE-036-004,CSE-036,Core Banking Switch,CRITICAL,Payment Processing Engine,Production,ACTIVE
AST-CSE-036-005,CSE-036,Web Application Server,CRITICAL,Customer Portal,Production,ACTIVE
AST-CSE-036-006,CSE-036,NextGen Firewall,CRITICAL,Perimeter Defense,Production,ACTIVE
AST-CSE-036-007,CSE-036,Core Banking Switch,CRITICAL,Payment Processing Engine,Production,ACTIVE
AST-CSE-036-008,CSE-036,NextGen Firewall,CRITICAL,Perimeter Defense,Production,ACTIVE
AST-CSE-036-009,CSE-036,SIEM Collector Node,CRITICAL,Telemetry Aggregation,Production,ACTIVE
AST-CSE-036-010,CSE-036,OT Engineering Workstation,CRITICAL,Substation Automation,Production,ACTIVE
AST-CSE-036-011,CSE-036,NextGen Firewall,CRITICAL,Perimeter Defense,Production,ACTIVE
AST-CSE-036-012,CSE-036,SIEM Collector Node,CRITICAL,Telemetry Aggregation,Production,ACTIVE
AST-CSE-036-013,CSE-036,Core Banking Switch,CRITICAL,Payment Processing Engine,Production,ACTIVE
AST-CSE-036-014,CSE-036,NextGen Firewall,CRITICAL,Perimeter Defense,Production,ACTIVE
AST-CSE-036-015,CSE-036,Web Application Server,CRITICAL,Customer Portal,Production,ACTIVE
AST-CSE-036-016,CSE-036,SCADA RTU / PLC,CRITICAL,Industrial Control Gateway,Production,ACTIVE
AST-CSE-036-017,CSE-036,OT Engineering Workstation,CRITICAL,Substation Automation,Production,ACTIVE
AST-CSE-036-018,CSE-036,NextGen Firewall,HIGH,Perimeter Defense,Production,ACTIVE
AST-CSE-036-019,CSE-036,Web Application Server,HIGH,Customer Portal,Production,ACTIVE
AST-CSE-036-020,CSE-036,SCADA RTU / PLC,HIGH,Industrial Control Gateway,Production,ACTIVE
AST-CSE-036-021,CSE-036,Domain Controller (AD),HIGH,Identity and Access Management,Production,ACTIVE
AST-CSE-036-022,CSE-036,Web Application Server,HIGH,Customer Portal,Production,ACTIVE
AST-CSE-036-023,CSE-036,Domain Controller (AD),HIGH,Identity and Access Management,Production,ACTIVE
AST-CSE-036-024,CSE-036,NextGen Firewall,HIGH,Perimeter Defense,Production,ACTIVE
AST-CSE-036-025,CSE-036,NextGen Firewall,HIGH,Perimeter Defense,Production,ACTIVE
AST-CSE-036-026,CSE-036,SCADA RTU / PLC,HIGH,Industrial Control Gateway,Production,ACTIVE
AST-CSE-036-027,CSE-036,Domain Controller (AD),HIGH,Identity and Access Management,Production,ACTIVE
AST-CSE-036-028,CSE-036,Web Application Server,HIGH,Customer Portal,Production,ACTIVE
AST-CSE-036-029,CSE-036,OT Engineering Workstation,HIGH,Substation Automation,Production,ACTIVE
AST-CSE-036-030,CSE-036,Web Application Server,HIGH,Customer Portal,Production,ACTIVE
AST-CSE-036-031,CSE-036,OT Engineering Workstation,HIGH,Substation Automation,Production,ACTIVE
AST-CSE-036-032,CSE-036,SCADA RTU / PLC,HIGH,Industrial Control Gateway,Production,ACTIVE
AST-CSE-036-033,CSE-036,SIEM Collector Node,HIGH,Telemetry Aggregation,Production,ACTIVE
AST-CSE-036-034,CSE-036,Core Banking Switch,HIGH,Payment Processing Engine,Production,ACTIVE
AST-CSE-036-035,CSE-036,Relational Database Server,HIGH,Transactional Database,Production,ACTIVE
AST-CSE-036-036,CSE-036,OT Engineering Workstation,HIGH,Substation Automation,Production,ACTIVE
AST-CSE-036-037,CSE-036,NextGen Firewall,HIGH,Perimeter Defense,Production,ACTIVE
AST-CSE-036-038,CSE-036,SIEM Collector Node,HIGH,Telemetry Aggregation,Production,ACTIVE
AST-CSE-036-039,CSE-036,Domain Controller (AD),HIGH,Identity and Access Management,Production,ACTIVE
AST-CSE-036-040,CSE-036,Domain Controller (AD),HIGH,Identity and Access Management,Production,ACTIVE
AST-CSE-036-041,CSE-036,SCADA RTU / PLC,HIGH,Industrial Control Gateway,Production,ACTIVE
AST-CSE-036-042,CSE-036,Relational Database Server,MEDIUM,Transactional Database,Production,ACTIVE
AST-CSE-036-043,CSE-036,SIEM Collector Node,LOW,Telemetry Aggregation,DR,ACTIVE
AST-CSE-036-044,CSE-036,Relational Database Server,MEDIUM,Transactional Database,Production,ACTIVE
AST-CSE-036-045,CSE-036,Relational Database Server,MEDIUM,Transactional Database,Production,ACTIVE
AST-CSE-036-046,CSE-036,Core Banking Switch,LOW,Payment Processing Engine,Staging,ACTIVE
AST-CSE-036-047,CSE-036,Web Application Server,MEDIUM,Customer Portal,Staging,ACTIVE
AST-CSE-036-048,CSE-036,Core Banking Switch,MEDIUM,Payment Processing Engine,Production,ACTIVE
AST-CSE-036-049,CSE-036,SIEM Collector Node,MEDIUM,Telemetry Aggregation,Production,ACTIVE
AST-CSE-036-050,CSE-036,SCADA RTU / PLC,MEDIUM,Industrial Control Gateway,Production,ACTIVE
AST-CSE-036-051,CSE-036,Relational Database Server,MEDIUM,Transactional Database,DR,ACTIVE
AST-CSE-036-052,CSE-036,NextGen Firewall,LOW,Perimeter Defense,Staging,ACTIVE
AST-CSE-036-053,CSE-036,SCADA RTU / PLC,MEDIUM,Industrial Control Gateway,Staging,ACTIVE
AST-CSE-036-054,CSE-036,OT Engineering Workstation,MEDIUM,Substation Automation,Staging,ACTIVE
AST-CSE-036-055,CSE-036,SCADA RTU / PLC,MEDIUM,Industrial Control Gateway,DR,ACTIVE
AST-CSE-036-056,CSE-036,Web Application Server,MEDIUM,Customer Portal,DR,ACTIVE
AST-CSE-036-057,CSE-036,NextGen Firewall,MEDIUM,Perimeter Defense,Production,ACTIVE
AST-CSE-036-058,CSE-036,Core Banking Switch,LOW,Payment Processing Engine,DR,ACTIVE
AST-CSE-036-059,CSE-036,SIEM Collector Node,LOW,Telemetry Aggregation,Staging,ACTIVE
AST-CSE-036-060,CSE-036,OT Engineering Workstation,LOW,Substation Automation,Staging,ACTIVE
AST-CSE-036-061,CSE-036,NextGen Firewall,MEDIUM,Perimeter Defense,DR,ACTIVE
AST-CSE-036-062,CSE-036,Core Banking Switch,LOW,Payment Processing Engine,Production,ACTIVE
AST-CSE-036-063,CSE-036,SCADA RTU / PLC,LOW,Industrial Control Gateway,Production,ACTIVE
AST-CSE-036-064,CSE-036,SCADA RTU / PLC,MEDIUM,Industrial Control Gateway,DR,ACTIVE
AST-CSE-037-001,CSE-037,Core Banking Switch,CRITICAL,Payment Processing Engine,Production,ACTIVE
AST-CSE-037-002,CSE-037,OT Engineering Workstation,CRITICAL,Substation Automation,Production,ACTIVE
AST-CSE-037-003,CSE-037,Core Banking Switch,CRITICAL,Payment Processing Engine,Production,ACTIVE
AST-CSE-037-004,CSE-037,OT Engineering Workstation,CRITICAL,Substation Automation,Production,ACTIVE
AST-CSE-037-005,CSE-037,Web Application Server,CRITICAL,Customer Portal,Production,ACTIVE
AST-CSE-037-006,CSE-037,SCADA RTU / PLC,CRITICAL,Industrial Control Gateway,Production,ACTIVE
AST-CSE-037-007,CSE-037,Domain Controller (AD),CRITICAL,Identity and Access Management,Production,ACTIVE
AST-CSE-037-008,CSE-037,SIEM Collector Node,CRITICAL,Telemetry Aggregation,Production,ACTIVE
AST-CSE-037-009,CSE-037,SCADA RTU / PLC,CRITICAL,Industrial Control Gateway,Production,ACTIVE
AST-CSE-037-010,CSE-037,SIEM Collector Node,CRITICAL,Telemetry Aggregation,Production,ACTIVE
AST-CSE-037-011,CSE-037,Core Banking Switch,CRITICAL,Payment Processing Engine,Production,ACTIVE
AST-CSE-037-012,CSE-037,Domain Controller (AD),CRITICAL,Identity and Access Management,Production,ACTIVE
AST-CSE-037-013,CSE-037,SCADA RTU / PLC,CRITICAL,Industrial Control Gateway,Production,ACTIVE
AST-CSE-037-014,CSE-037,Web Application Server,HIGH,Customer Portal,Production,ACTIVE
AST-CSE-037-015,CSE-037,Web Application Server,HIGH,Customer Portal,Production,ACTIVE
AST-CSE-037-016,CSE-037,NextGen Firewall,HIGH,Perimeter Defense,Production,ACTIVE
AST-CSE-037-017,CSE-037,Domain Controller (AD),HIGH,Identity and Access Management,Production,ACTIVE
AST-CSE-037-018,CSE-037,Web Application Server,HIGH,Customer Portal,Production,ACTIVE
AST-CSE-037-019,CSE-037,NextGen Firewall,HIGH,Perimeter Defense,Production,ACTIVE
AST-CSE-037-020,CSE-037,Relational Database Server,HIGH,Transactional Database,Production,ACTIVE
AST-CSE-037-021,CSE-037,SCADA RTU / PLC,HIGH,Industrial Control Gateway,Production,ACTIVE
AST-CSE-037-022,CSE-037,SCADA RTU / PLC,HIGH,Industrial Control Gateway,Production,ACTIVE
AST-CSE-037-023,CSE-037,OT Engineering Workstation,HIGH,Substation Automation,Production,ACTIVE
AST-CSE-037-024,CSE-037,Relational Database Server,HIGH,Transactional Database,Production,ACTIVE
AST-CSE-037-025,CSE-037,Web Application Server,HIGH,Customer Portal,Production,ACTIVE
AST-CSE-037-026,CSE-037,Relational Database Server,HIGH,Transactional Database,Production,ACTIVE
AST-CSE-037-027,CSE-037,Core Banking Switch,HIGH,Payment Processing Engine,Production,ACTIVE
AST-CSE-037-028,CSE-037,Domain Controller (AD),HIGH,Identity and Access Management,Production,ACTIVE
AST-CSE-037-029,CSE-037,Domain Controller (AD),HIGH,Identity and Access Management,Production,ACTIVE
AST-CSE-037-030,CSE-037,NextGen Firewall,HIGH,Perimeter Defense,Production,ACTIVE
AST-CSE-037-031,CSE-037,NextGen Firewall,HIGH,Perimeter Defense,Production,ACTIVE
AST-CSE-037-032,CSE-037,Domain Controller (AD),LOW,Identity and Access Management,Production,ACTIVE
AST-CSE-037-033,CSE-037,SCADA RTU / PLC,MEDIUM,Industrial Control Gateway,Production,ACTIVE
AST-CSE-037-034,CSE-037,SIEM Collector Node,LOW,Telemetry Aggregation,Production,ACTIVE
AST-CSE-037-035,CSE-037,NextGen Firewall,LOW,Perimeter Defense,Staging,ACTIVE
AST-CSE-037-036,CSE-037,OT Engineering Workstation,LOW,Substation Automation,DR,ACTIVE
AST-CSE-037-037,CSE-037,Domain Controller (AD),MEDIUM,Identity and Access Management,Production,ACTIVE
AST-CSE-037-038,CSE-037,Core Banking Switch,MEDIUM,Payment Processing Engine,Staging,ACTIVE
AST-CSE-037-039,CSE-037,SCADA RTU / PLC,LOW,Industrial Control Gateway,Staging,ACTIVE
AST-CSE-037-040,CSE-037,Domain Controller (AD),MEDIUM,Identity and Access Management,Staging,ACTIVE
AST-CSE-037-041,CSE-037,Core Banking Switch,MEDIUM,Payment Processing Engine,DR,ACTIVE
AST-CSE-037-042,CSE-037,NextGen Firewall,LOW,Perimeter Defense,Staging,ACTIVE
AST-CSE-037-043,CSE-037,Relational Database Server,LOW,Transactional Database,Staging,ACTIVE
AST-CSE-037-044,CSE-037,Core Banking Switch,MEDIUM,Payment Processing Engine,DR,ACTIVE
AST-CSE-037-045,CSE-037,NextGen Firewall,LOW,Perimeter Defense,DR,ACTIVE
AST-CSE-037-046,CSE-037,Web Application Server,LOW,Customer Portal,Staging,ACTIVE
AST-CSE-037-047,CSE-037,Core Banking Switch,MEDIUM,Payment Processing Engine,Production,ACTIVE
AST-CSE-037-048,CSE-037,OT Engineering Workstation,LOW,Substation Automation,DR,ACTIVE
AST-CSE-038-001,CSE-038,Web Application Server,CRITICAL,Customer Portal,Production,ACTIVE
AST-CSE-038-002,CSE-038,NextGen Firewall,CRITICAL,Perimeter Defense,Production,ACTIVE
AST-CSE-038-003,CSE-038,Relational Database Server,CRITICAL,Transactional Database,Production,ACTIVE
AST-CSE-038-004,CSE-038,Domain Controller (AD),CRITICAL,Identity and Access Management,Production,ACTIVE
AST-CSE-038-005,CSE-038,SIEM Collector Node,CRITICAL,Telemetry Aggregation,Production,ACTIVE
AST-CSE-038-006,CSE-038,OT Engineering Workstation,CRITICAL,Substation Automation,Production,ACTIVE
AST-CSE-038-007,CSE-038,SCADA RTU / PLC,CRITICAL,Industrial Control Gateway,Production,ACTIVE
AST-CSE-038-008,CSE-038,NextGen Firewall,CRITICAL,Perimeter Defense,Production,ACTIVE
AST-CSE-038-009,CSE-038,NextGen Firewall,CRITICAL,Perimeter Defense,Production,ACTIVE
AST-CSE-038-010,CSE-038,NextGen Firewall,CRITICAL,Perimeter Defense,Production,ACTIVE
AST-CSE-038-011,CSE-038,Web Application Server,CRITICAL,Customer Portal,Production,ACTIVE
AST-CSE-038-012,CSE-038,Relational Database Server,CRITICAL,Transactional Database,Production,ACTIVE
AST-CSE-038-013,CSE-038,Domain Controller (AD),CRITICAL,Identity and Access Management,Production,ACTIVE
AST-CSE-038-014,CSE-038,Core Banking Switch,HIGH,Payment Processing Engine,Production,ACTIVE
AST-CSE-038-015,CSE-038,Core Banking Switch,HIGH,Payment Processing Engine,Production,ACTIVE
AST-CSE-038-016,CSE-038,Web Application Server,HIGH,Customer Portal,Production,ACTIVE
AST-CSE-038-017,CSE-038,Domain Controller (AD),HIGH,Identity and Access Management,Production,ACTIVE
AST-CSE-038-018,CSE-038,Domain Controller (AD),HIGH,Identity and Access Management,Production,ACTIVE
AST-CSE-038-019,CSE-038,Core Banking Switch,HIGH,Payment Processing Engine,Production,ACTIVE
AST-CSE-038-020,CSE-038,Core Banking Switch,HIGH,Payment Processing Engine,Production,ACTIVE
AST-CSE-038-021,CSE-038,Web Application Server,HIGH,Customer Portal,Production,ACTIVE
AST-CSE-038-022,CSE-038,Web Application Server,HIGH,Customer Portal,Production,ACTIVE
AST-CSE-038-023,CSE-038,Web Application Server,HIGH,Customer Portal,Production,ACTIVE
AST-CSE-038-024,CSE-038,Domain Controller (AD),HIGH,Identity and Access Management,Production,ACTIVE
AST-CSE-038-025,CSE-038,Domain Controller (AD),HIGH,Identity and Access Management,Production,ACTIVE
AST-CSE-038-026,CSE-038,NextGen Firewall,HIGH,Perimeter Defense,Production,ACTIVE
AST-CSE-038-027,CSE-038,Domain Controller (AD),HIGH,Identity and Access Management,Production,ACTIVE
AST-CSE-038-028,CSE-038,Domain Controller (AD),HIGH,Identity and Access Management,Production,ACTIVE
AST-CSE-038-029,CSE-038,Web Application Server,HIGH,Customer Portal,Production,ACTIVE
AST-CSE-038-030,CSE-038,NextGen Firewall,HIGH,Perimeter Defense,Production,ACTIVE
AST-CSE-038-031,CSE-038,NextGen Firewall,HIGH,Perimeter Defense,Production,ACTIVE
AST-CSE-038-032,CSE-038,Domain Controller (AD),MEDIUM,Identity and Access Management,DR,ACTIVE
AST-CSE-038-033,CSE-038,Core Banking Switch,MEDIUM,Payment Processing Engine,Staging,ACTIVE
AST-CSE-038-034,CSE-038,SCADA RTU / PLC,LOW,Industrial Control Gateway,DR,ACTIVE
AST-CSE-038-035,CSE-038,NextGen Firewall,MEDIUM,Perimeter Defense,Production,ACTIVE
AST-CSE-038-036,CSE-038,SCADA RTU / PLC,LOW,Industrial Control Gateway,DR,ACTIVE
AST-CSE-038-037,CSE-038,Core Banking Switch,MEDIUM,Payment Processing Engine,Staging,ACTIVE
AST-CSE-038-038,CSE-038,SIEM Collector Node,LOW,Telemetry Aggregation,Staging,ACTIVE
AST-CSE-038-039,CSE-038,Relational Database Server,MEDIUM,Transactional Database,DR,ACTIVE
AST-CSE-038-040,CSE-038,NextGen Firewall,LOW,Perimeter Defense,Production,ACTIVE
AST-CSE-038-041,CSE-038,SCADA RTU / PLC,LOW,Industrial Control Gateway,Production,ACTIVE
AST-CSE-038-042,CSE-038,Core Banking Switch,MEDIUM,Payment Processing Engine,Production,ACTIVE
AST-CSE-038-043,CSE-038,SCADA RTU / PLC,LOW,Industrial Control Gateway,Production,ACTIVE
AST-CSE-038-044,CSE-038,OT Engineering Workstation,MEDIUM,Substation Automation,Staging,ACTIVE
AST-CSE-038-045,CSE-038,Relational Database Server,MEDIUM,Transactional Database,Production,ACTIVE
AST-CSE-038-046,CSE-038,Relational Database Server,LOW,Transactional Database,DR,ACTIVE
AST-CSE-038-047,CSE-038,Core Banking Switch,LOW,Payment Processing Engine,Staging,ACTIVE
AST-CSE-038-048,CSE-038,SCADA RTU / PLC,LOW,Industrial Control Gateway,Production,ACTIVE
AST-CSE-038-049,CSE-038,SCADA RTU / PLC,MEDIUM,Industrial Control Gateway,DR,ACTIVE
AST-CSE-039-001,CSE-039,SIEM Collector Node,CRITICAL,Telemetry Aggregation,Production,ACTIVE
AST-CSE-039-002,CSE-039,Domain Controller (AD),CRITICAL,Identity and Access Management,Production,ACTIVE
AST-CSE-039-003,CSE-039,Relational Database Server,CRITICAL,Transactional Database,Production,ACTIVE
AST-CSE-039-004,CSE-039,SCADA RTU / PLC,CRITICAL,Industrial Control Gateway,Production,ACTIVE
AST-CSE-039-005,CSE-039,Web Application Server,CRITICAL,Customer Portal,Production,ACTIVE
AST-CSE-039-006,CSE-039,Core Banking Switch,CRITICAL,Payment Processing Engine,Production,ACTIVE
AST-CSE-039-007,CSE-039,Web Application Server,CRITICAL,Customer Portal,Production,ACTIVE
AST-CSE-039-008,CSE-039,OT Engineering Workstation,CRITICAL,Substation Automation,Production,ACTIVE
AST-CSE-039-009,CSE-039,Web Application Server,CRITICAL,Customer Portal,Production,ACTIVE
AST-CSE-039-010,CSE-039,Core Banking Switch,CRITICAL,Payment Processing Engine,Production,ACTIVE
AST-CSE-039-011,CSE-039,SIEM Collector Node,CRITICAL,Telemetry Aggregation,Production,ACTIVE
AST-CSE-039-012,CSE-039,Relational Database Server,CRITICAL,Transactional Database,Production,ACTIVE
AST-CSE-039-013,CSE-039,Domain Controller (AD),HIGH,Identity and Access Management,Production,ACTIVE
AST-CSE-039-014,CSE-039,Core Banking Switch,HIGH,Payment Processing Engine,Production,ACTIVE
AST-CSE-039-015,CSE-039,SCADA RTU / PLC,HIGH,Industrial Control Gateway,Production,ACTIVE
AST-CSE-039-016,CSE-039,SCADA RTU / PLC,HIGH,Industrial Control Gateway,Production,ACTIVE
AST-CSE-039-017,CSE-039,Relational Database Server,HIGH,Transactional Database,Production,ACTIVE
AST-CSE-039-018,CSE-039,OT Engineering Workstation,HIGH,Substation Automation,Production,ACTIVE
AST-CSE-039-019,CSE-039,Web Application Server,HIGH,Customer Portal,Production,ACTIVE
AST-CSE-039-020,CSE-039,NextGen Firewall,HIGH,Perimeter Defense,Production,ACTIVE
AST-CSE-039-021,CSE-039,Core Banking Switch,HIGH,Payment Processing Engine,Production,ACTIVE
AST-CSE-039-022,CSE-039,Web Application Server,HIGH,Customer Portal,Production,ACTIVE
AST-CSE-039-023,CSE-039,OT Engineering Workstation,HIGH,Substation Automation,Production,ACTIVE
AST-CSE-039-024,CSE-039,Web Application Server,HIGH,Customer Portal,Production,ACTIVE
AST-CSE-039-025,CSE-039,NextGen Firewall,HIGH,Perimeter Defense,Production,ACTIVE
AST-CSE-039-026,CSE-039,Web Application Server,HIGH,Customer Portal,Production,ACTIVE
AST-CSE-039-027,CSE-039,Domain Controller (AD),HIGH,Identity and Access Management,Production,ACTIVE
AST-CSE-039-028,CSE-039,OT Engineering Workstation,HIGH,Substation Automation,Production,ACTIVE
AST-CSE-039-029,CSE-039,NextGen Firewall,HIGH,Perimeter Defense,Production,ACTIVE
AST-CSE-039-030,CSE-039,SCADA RTU / PLC,MEDIUM,Industrial Control Gateway,Production,ACTIVE
AST-CSE-039-031,CSE-039,Domain Controller (AD),LOW,Identity and Access Management,DR,ACTIVE
AST-CSE-039-032,CSE-039,OT Engineering Workstation,LOW,Substation Automation,Production,ACTIVE
AST-CSE-039-033,CSE-039,Relational Database Server,LOW,Transactional Database,Staging,ACTIVE
AST-CSE-039-034,CSE-039,SIEM Collector Node,LOW,Telemetry Aggregation,Production,ACTIVE
AST-CSE-039-035,CSE-039,SCADA RTU / PLC,MEDIUM,Industrial Control Gateway,Staging,ACTIVE
AST-CSE-039-036,CSE-039,OT Engineering Workstation,LOW,Substation Automation,Production,ACTIVE
AST-CSE-039-037,CSE-039,Relational Database Server,MEDIUM,Transactional Database,DR,ACTIVE
AST-CSE-039-038,CSE-039,Web Application Server,LOW,Customer Portal,DR,ACTIVE
AST-CSE-039-039,CSE-039,Core Banking Switch,MEDIUM,Payment Processing Engine,DR,ACTIVE
AST-CSE-039-040,CSE-039,OT Engineering Workstation,LOW,Substation Automation,Staging,ACTIVE
AST-CSE-039-041,CSE-039,Domain Controller (AD),LOW,Identity and Access Management,Staging,ACTIVE
AST-CSE-039-042,CSE-039,Web Application Server,MEDIUM,Customer Portal,Staging,ACTIVE
AST-CSE-039-043,CSE-039,Web Application Server,MEDIUM,Customer Portal,Staging,ACTIVE
AST-CSE-039-044,CSE-039,NextGen Firewall,LOW,Perimeter Defense,Production,ACTIVE
AST-CSE-039-045,CSE-039,SCADA RTU / PLC,LOW,Industrial Control Gateway,Production,ACTIVE
AST-CSE-039-046,CSE-039,Relational Database Server,MEDIUM,Transactional Database,DR,ACTIVE
AST-CSE-040-001,CSE-040,Core Banking Switch,CRITICAL,Payment Processing Engine,Production,ACTIVE
AST-CSE-040-002,CSE-040,Core Banking Switch,CRITICAL,Payment Processing Engine,Production,ACTIVE
AST-CSE-040-003,CSE-040,Web Application Server,CRITICAL,Customer Portal,Production,ACTIVE
AST-CSE-040-004,CSE-040,NextGen Firewall,CRITICAL,Perimeter Defense,Production,ACTIVE
AST-CSE-040-005,CSE-040,SIEM Collector Node,CRITICAL,Telemetry Aggregation,Production,ACTIVE
AST-CSE-040-006,CSE-040,Web Application Server,CRITICAL,Customer Portal,Production,ACTIVE
AST-CSE-040-007,CSE-040,OT Engineering Workstation,CRITICAL,Substation Automation,Production,ACTIVE
AST-CSE-040-008,CSE-040,OT Engineering Workstation,CRITICAL,Substation Automation,Production,ACTIVE
AST-CSE-040-009,CSE-040,Core Banking Switch,CRITICAL,Payment Processing Engine,Production,ACTIVE
AST-CSE-040-010,CSE-040,Domain Controller (AD),CRITICAL,Identity and Access Management,Production,ACTIVE
AST-CSE-040-011,CSE-040,NextGen Firewall,CRITICAL,Perimeter Defense,Production,ACTIVE
AST-CSE-040-012,CSE-040,OT Engineering Workstation,CRITICAL,Substation Automation,Production,ACTIVE
AST-CSE-040-013,CSE-040,Web Application Server,CRITICAL,Customer Portal,Production,ACTIVE
AST-CSE-040-014,CSE-040,SCADA RTU / PLC,CRITICAL,Industrial Control Gateway,Production,ACTIVE
AST-CSE-040-015,CSE-040,Core Banking Switch,CRITICAL,Payment Processing Engine,Production,ACTIVE
AST-CSE-040-016,CSE-040,Domain Controller (AD),CRITICAL,Identity and Access Management,Production,ACTIVE
AST-CSE-040-017,CSE-040,Domain Controller (AD),CRITICAL,Identity and Access Management,Production,ACTIVE
AST-CSE-040-018,CSE-040,SCADA RTU / PLC,CRITICAL,Industrial Control Gateway,Production,ACTIVE
AST-CSE-040-019,CSE-040,Domain Controller (AD),CRITICAL,Identity and Access Management,Production,ACTIVE
AST-CSE-040-020,CSE-040,NextGen Firewall,CRITICAL,Perimeter Defense,Production,ACTIVE
AST-CSE-040-021,CSE-040,Core Banking Switch,CRITICAL,Payment Processing Engine,Production,ACTIVE
AST-CSE-040-022,CSE-040,SCADA RTU / PLC,CRITICAL,Industrial Control Gateway,Production,ACTIVE
AST-CSE-040-023,CSE-040,Core Banking Switch,HIGH,Payment Processing Engine,Production,ACTIVE
AST-CSE-040-024,CSE-040,Web Application Server,HIGH,Customer Portal,Production,ACTIVE
AST-CSE-040-025,CSE-040,Web Application Server,HIGH,Customer Portal,Production,ACTIVE
AST-CSE-040-026,CSE-040,SIEM Collector Node,HIGH,Telemetry Aggregation,Production,ACTIVE
AST-CSE-040-027,CSE-040,SIEM Collector Node,HIGH,Telemetry Aggregation,Production,ACTIVE
AST-CSE-040-028,CSE-040,SCADA RTU / PLC,HIGH,Industrial Control Gateway,Production,ACTIVE
AST-CSE-040-029,CSE-040,Domain Controller (AD),HIGH,Identity and Access Management,Production,ACTIVE
AST-CSE-040-030,CSE-040,OT Engineering Workstation,HIGH,Substation Automation,Production,ACTIVE
AST-CSE-040-031,CSE-040,SIEM Collector Node,HIGH,Telemetry Aggregation,Production,ACTIVE
AST-CSE-040-032,CSE-040,Relational Database Server,HIGH,Transactional Database,Production,ACTIVE
AST-CSE-040-033,CSE-040,NextGen Firewall,HIGH,Perimeter Defense,Production,ACTIVE
AST-CSE-040-034,CSE-040,Relational Database Server,HIGH,Transactional Database,Production,ACTIVE
AST-CSE-040-035,CSE-040,Core Banking Switch,HIGH,Payment Processing Engine,Production,ACTIVE
AST-CSE-040-036,CSE-040,Domain Controller (AD),HIGH,Identity and Access Management,Production,ACTIVE
AST-CSE-040-037,CSE-040,OT Engineering Workstation,HIGH,Substation Automation,Production,ACTIVE
AST-CSE-040-038,CSE-040,SCADA RTU / PLC,HIGH,Industrial Control Gateway,Production,ACTIVE
AST-CSE-040-039,CSE-040,SIEM Collector Node,HIGH,Telemetry Aggregation,Production,ACTIVE
AST-CSE-040-040,CSE-040,Core Banking Switch,HIGH,Payment Processing Engine,Production,ACTIVE
AST-CSE-040-041,CSE-040,OT Engineering Workstation,HIGH,Substation Automation,Production,ACTIVE
AST-CSE-040-042,CSE-040,OT Engineering Workstation,HIGH,Substation Automation,Production,ACTIVE
AST-CSE-040-043,CSE-040,SIEM Collector Node,HIGH,Telemetry Aggregation,Production,ACTIVE
AST-CSE-040-044,CSE-040,NextGen Firewall,HIGH,Perimeter Defense,Production,ACTIVE
AST-CSE-040-045,CSE-040,Web Application Server,HIGH,Customer Portal,Production,ACTIVE
AST-CSE-040-046,CSE-040,NextGen Firewall,HIGH,Perimeter Defense,Production,ACTIVE
AST-CSE-040-047,CSE-040,Domain Controller (AD),HIGH,Identity and Access Management,Production,ACTIVE
AST-CSE-040-048,CSE-040,Core Banking Switch,HIGH,Payment Processing Engine,Production,ACTIVE
AST-CSE-040-049,CSE-040,Relational Database Server,HIGH,Transactional Database,Production,ACTIVE
AST-CSE-040-050,CSE-040,SIEM Collector Node,HIGH,Telemetry Aggregation,Production,ACTIVE
AST-CSE-040-051,CSE-040,Relational Database Server,HIGH,Transactional Database,Production,ACTIVE
AST-CSE-040-052,CSE-040,Core Banking Switch,HIGH,Payment Processing Engine,Production,ACTIVE
AST-CSE-040-053,CSE-040,Domain Controller (AD),LOW,Identity and Access Management,Staging,ACTIVE
AST-CSE-040-054,CSE-040,SCADA RTU / PLC,MEDIUM,Industrial Control Gateway,Production,ACTIVE
AST-CSE-040-055,CSE-040,Core Banking Switch,LOW,Payment Processing Engine,Staging,ACTIVE
AST-CSE-040-056,CSE-040,NextGen Firewall,MEDIUM,Perimeter Defense,DR,ACTIVE
AST-CSE-040-057,CSE-040,OT Engineering Workstation,MEDIUM,Substation Automation,DR,ACTIVE
AST-CSE-040-058,CSE-040,SCADA RTU / PLC,MEDIUM,Industrial Control Gateway,Production,ACTIVE
AST-CSE-040-059,CSE-040,SIEM Collector Node,MEDIUM,Telemetry Aggregation,Staging,ACTIVE
AST-CSE-040-060,CSE-040,SIEM Collector Node,MEDIUM,Telemetry Aggregation,DR,ACTIVE
AST-CSE-040-061,CSE-040,Domain Controller (AD),LOW,Identity and Access Management,Production,ACTIVE
AST-CSE-040-062,CSE-040,Web Application Server,MEDIUM,Customer Portal,Staging,ACTIVE
AST-CSE-040-063,CSE-040,Web Application Server,LOW,Customer Portal,Staging,ACTIVE
AST-CSE-040-064,CSE-040,Core Banking Switch,LOW,Payment Processing Engine,DR,ACTIVE
AST-CSE-040-065,CSE-040,NextGen Firewall,LOW,Perimeter Defense,DR,ACTIVE
AST-CSE-040-066,CSE-040,OT Engineering Workstation,MEDIUM,Substation Automation,Production,ACTIVE
AST-CSE-040-067,CSE-040,Web Application Server,MEDIUM,Customer Portal,Staging,ACTIVE
AST-CSE-040-068,CSE-040,OT Engineering Workstation,LOW,Substation Automation,Production,ACTIVE
AST-CSE-040-069,CSE-040,Web Application Server,MEDIUM,Customer Portal,DR,ACTIVE
AST-CSE-040-070,CSE-040,NextGen Firewall,MEDIUM,Perimeter Defense,DR,ACTIVE
AST-CSE-040-071,CSE-040,SIEM Collector Node,MEDIUM,Telemetry Aggregation,Staging,ACTIVE
AST-CSE-040-072,CSE-040,NextGen Firewall,MEDIUM,Perimeter Defense,DR,ACTIVE
AST-CSE-040-073,CSE-040,NextGen Firewall,LOW,Perimeter Defense,Staging,ACTIVE
AST-CSE-040-074,CSE-040,SIEM Collector Node,LOW,Telemetry Aggregation,DR,ACTIVE
AST-CSE-040-075,CSE-040,NextGen Firewall,LOW,Perimeter Defense,Production,ACTIVE
AST-CSE-040-076,CSE-040,Core Banking Switch,LOW,Payment Processing Engine,DR,ACTIVE
AST-CSE-040-077,CSE-040,Web Application Server,LOW,Customer Portal,Production,ACTIVE
AST-CSE-040-078,CSE-040,NextGen Firewall,LOW,Perimeter Defense,Production,ACTIVE
AST-CSE-040-079,CSE-040,Core Banking Switch,MEDIUM,Payment Processing Engine,Staging,ACTIVE
AST-CSE-040-080,CSE-040,Relational Database Server,LOW,Transactional Database,Production,ACTIVE
AST-CSE-041-001,CSE-041,Domain Controller (AD),CRITICAL,Identity and Access Management,Production,ACTIVE
AST-CSE-041-002,CSE-041,Relational Database Server,CRITICAL,Transactional Database,Production,ACTIVE
AST-CSE-041-003,CSE-041,Core Banking Switch,CRITICAL,Payment Processing Engine,Production,ACTIVE
AST-CSE-041-004,CSE-041,NextGen Firewall,CRITICAL,Perimeter Defense,Production,ACTIVE
AST-CSE-041-005,CSE-041,OT Engineering Workstation,CRITICAL,Substation Automation,Production,ACTIVE
AST-CSE-041-006,CSE-041,SCADA RTU / PLC,CRITICAL,Industrial Control Gateway,Production,ACTIVE
AST-CSE-041-007,CSE-041,Core Banking Switch,CRITICAL,Payment Processing Engine,Production,ACTIVE
AST-CSE-041-008,CSE-041,Web Application Server,CRITICAL,Customer Portal,Production,ACTIVE
AST-CSE-041-009,CSE-041,SIEM Collector Node,CRITICAL,Telemetry Aggregation,Production,ACTIVE
AST-CSE-041-010,CSE-041,SCADA RTU / PLC,CRITICAL,Industrial Control Gateway,Production,ACTIVE
AST-CSE-041-011,CSE-041,SCADA RTU / PLC,CRITICAL,Industrial Control Gateway,Production,ACTIVE
AST-CSE-041-012,CSE-041,Core Banking Switch,CRITICAL,Payment Processing Engine,Production,ACTIVE
AST-CSE-041-013,CSE-041,SIEM Collector Node,CRITICAL,Telemetry Aggregation,Production,ACTIVE
AST-CSE-041-014,CSE-041,Domain Controller (AD),CRITICAL,Identity and Access Management,Production,ACTIVE
AST-CSE-041-015,CSE-041,Relational Database Server,CRITICAL,Transactional Database,Production,ACTIVE
AST-CSE-041-016,CSE-041,NextGen Firewall,CRITICAL,Perimeter Defense,Production,ACTIVE
AST-CSE-041-017,CSE-041,Relational Database Server,CRITICAL,Transactional Database,Production,ACTIVE
AST-CSE-041-018,CSE-041,Web Application Server,CRITICAL,Customer Portal,Production,ACTIVE
AST-CSE-041-019,CSE-041,SCADA RTU / PLC,CRITICAL,Industrial Control Gateway,Production,ACTIVE
AST-CSE-041-020,CSE-041,Core Banking Switch,CRITICAL,Payment Processing Engine,Production,ACTIVE
AST-CSE-041-021,CSE-041,SCADA RTU / PLC,CRITICAL,Industrial Control Gateway,Production,ACTIVE
AST-CSE-041-022,CSE-041,OT Engineering Workstation,CRITICAL,Substation Automation,Production,ACTIVE
AST-CSE-041-023,CSE-041,Relational Database Server,CRITICAL,Transactional Database,Production,ACTIVE
AST-CSE-041-024,CSE-041,Domain Controller (AD),CRITICAL,Identity and Access Management,Production,ACTIVE
AST-CSE-041-025,CSE-041,Core Banking Switch,CRITICAL,Payment Processing Engine,Production,ACTIVE
AST-CSE-041-026,CSE-041,Web Application Server,CRITICAL,Customer Portal,Production,ACTIVE
AST-CSE-041-027,CSE-041,Relational Database Server,HIGH,Transactional Database,Production,ACTIVE
AST-CSE-041-028,CSE-041,SIEM Collector Node,HIGH,Telemetry Aggregation,Production,ACTIVE
AST-CSE-041-029,CSE-041,Core Banking Switch,HIGH,Payment Processing Engine,Production,ACTIVE
AST-CSE-041-030,CSE-041,Relational Database Server,HIGH,Transactional Database,Production,ACTIVE
AST-CSE-041-031,CSE-041,OT Engineering Workstation,HIGH,Substation Automation,Production,ACTIVE
AST-CSE-041-032,CSE-041,SIEM Collector Node,HIGH,Telemetry Aggregation,Production,ACTIVE
AST-CSE-041-033,CSE-041,NextGen Firewall,HIGH,Perimeter Defense,Production,ACTIVE
AST-CSE-041-034,CSE-041,Web Application Server,HIGH,Customer Portal,Production,ACTIVE
AST-CSE-041-035,CSE-041,Domain Controller (AD),HIGH,Identity and Access Management,Production,ACTIVE
AST-CSE-041-036,CSE-041,SIEM Collector Node,HIGH,Telemetry Aggregation,Production,ACTIVE
AST-CSE-041-037,CSE-041,Relational Database Server,HIGH,Transactional Database,Production,ACTIVE
AST-CSE-041-038,CSE-041,Core Banking Switch,HIGH,Payment Processing Engine,Production,ACTIVE
AST-CSE-041-039,CSE-041,SCADA RTU / PLC,HIGH,Industrial Control Gateway,Production,ACTIVE
AST-CSE-041-040,CSE-041,OT Engineering Workstation,HIGH,Substation Automation,Production,ACTIVE
AST-CSE-041-041,CSE-041,NextGen Firewall,HIGH,Perimeter Defense,Production,ACTIVE
AST-CSE-041-042,CSE-041,OT Engineering Workstation,HIGH,Substation Automation,Production,ACTIVE
AST-CSE-041-043,CSE-041,Relational Database Server,HIGH,Transactional Database,Production,ACTIVE
AST-CSE-041-044,CSE-041,Domain Controller (AD),HIGH,Identity and Access Management,Production,ACTIVE
AST-CSE-041-045,CSE-041,NextGen Firewall,HIGH,Perimeter Defense,Production,ACTIVE
AST-CSE-041-046,CSE-041,Domain Controller (AD),HIGH,Identity and Access Management,Production,ACTIVE
AST-CSE-041-047,CSE-041,Web Application Server,HIGH,Customer Portal,Production,ACTIVE
AST-CSE-041-048,CSE-041,SIEM Collector Node,HIGH,Telemetry Aggregation,Production,ACTIVE
AST-CSE-041-049,CSE-041,NextGen Firewall,HIGH,Perimeter Defense,Production,ACTIVE
AST-CSE-041-050,CSE-041,OT Engineering Workstation,HIGH,Substation Automation,Production,ACTIVE
AST-CSE-041-051,CSE-041,Relational Database Server,HIGH,Transactional Database,Production,ACTIVE
AST-CSE-041-052,CSE-041,Web Application Server,HIGH,Customer Portal,Production,ACTIVE
AST-CSE-041-053,CSE-041,Relational Database Server,HIGH,Transactional Database,Production,ACTIVE
AST-CSE-041-054,CSE-041,SIEM Collector Node,HIGH,Telemetry Aggregation,Production,ACTIVE
AST-CSE-041-055,CSE-041,Core Banking Switch,HIGH,Payment Processing Engine,Production,ACTIVE
AST-CSE-041-056,CSE-041,Web Application Server,HIGH,Customer Portal,Production,ACTIVE
AST-CSE-041-057,CSE-041,Web Application Server,HIGH,Customer Portal,Production,ACTIVE
AST-CSE-041-058,CSE-041,Relational Database Server,HIGH,Transactional Database,Production,ACTIVE
AST-CSE-041-059,CSE-041,SCADA RTU / PLC,HIGH,Industrial Control Gateway,Production,ACTIVE
AST-CSE-041-060,CSE-041,SCADA RTU / PLC,HIGH,Industrial Control Gateway,Production,ACTIVE
AST-CSE-041-061,CSE-041,Domain Controller (AD),HIGH,Identity and Access Management,Production,ACTIVE
AST-CSE-041-062,CSE-041,SCADA RTU / PLC,MEDIUM,Industrial Control Gateway,Production,ACTIVE
AST-CSE-041-063,CSE-041,SIEM Collector Node,MEDIUM,Telemetry Aggregation,DR,ACTIVE
AST-CSE-041-064,CSE-041,Relational Database Server,LOW,Transactional Database,Production,ACTIVE
AST-CSE-041-065,CSE-041,NextGen Firewall,MEDIUM,Perimeter Defense,Production,ACTIVE
AST-CSE-041-066,CSE-041,Relational Database Server,LOW,Transactional Database,Staging,ACTIVE
AST-CSE-041-067,CSE-041,Web Application Server,MEDIUM,Customer Portal,DR,ACTIVE
AST-CSE-041-068,CSE-041,Relational Database Server,LOW,Transactional Database,DR,ACTIVE
AST-CSE-041-069,CSE-041,SCADA RTU / PLC,MEDIUM,Industrial Control Gateway,DR,ACTIVE
AST-CSE-041-070,CSE-041,SIEM Collector Node,LOW,Telemetry Aggregation,DR,ACTIVE
AST-CSE-041-071,CSE-041,OT Engineering Workstation,MEDIUM,Substation Automation,DR,ACTIVE
AST-CSE-041-072,CSE-041,Web Application Server,LOW,Customer Portal,DR,ACTIVE
AST-CSE-041-073,CSE-041,Domain Controller (AD),MEDIUM,Identity and Access Management,DR,ACTIVE
AST-CSE-041-074,CSE-041,SIEM Collector Node,LOW,Telemetry Aggregation,DR,ACTIVE
AST-CSE-041-075,CSE-041,Web Application Server,LOW,Customer Portal,Production,ACTIVE
AST-CSE-041-076,CSE-041,Domain Controller (AD),MEDIUM,Identity and Access Management,Staging,ACTIVE
AST-CSE-041-077,CSE-041,OT Engineering Workstation,LOW,Substation Automation,Staging,ACTIVE
AST-CSE-041-078,CSE-041,SCADA RTU / PLC,MEDIUM,Industrial Control Gateway,Staging,ACTIVE
AST-CSE-041-079,CSE-041,Domain Controller (AD),MEDIUM,Identity and Access Management,DR,ACTIVE
AST-CSE-041-080,CSE-041,OT Engineering Workstation,LOW,Substation Automation,Production,ACTIVE
AST-CSE-041-081,CSE-041,Web Application Server,LOW,Customer Portal,Staging,ACTIVE
AST-CSE-041-082,CSE-041,NextGen Firewall,MEDIUM,Perimeter Defense,Staging,ACTIVE
AST-CSE-041-083,CSE-041,SIEM Collector Node,LOW,Telemetry Aggregation,Production,ACTIVE
AST-CSE-041-084,CSE-041,Core Banking Switch,MEDIUM,Payment Processing Engine,DR,ACTIVE
AST-CSE-041-085,CSE-041,OT Engineering Workstation,LOW,Substation Automation,Staging,ACTIVE
AST-CSE-041-086,CSE-041,SCADA RTU / PLC,MEDIUM,Industrial Control Gateway,Staging,ACTIVE
AST-CSE-041-087,CSE-041,Web Application Server,LOW,Customer Portal,DR,ACTIVE
AST-CSE-041-088,CSE-041,NextGen Firewall,MEDIUM,Perimeter Defense,DR,ACTIVE
AST-CSE-041-089,CSE-041,Relational Database Server,MEDIUM,Transactional Database,Production,ACTIVE
AST-CSE-041-090,CSE-041,Relational Database Server,MEDIUM,Transactional Database,Staging,ACTIVE
AST-CSE-041-091,CSE-041,SCADA RTU / PLC,MEDIUM,Industrial Control Gateway,Staging,ACTIVE
AST-CSE-041-092,CSE-041,OT Engineering Workstation,LOW,Substation Automation,Staging,ACTIVE
AST-CSE-041-093,CSE-041,SIEM Collector Node,LOW,Telemetry Aggregation,Staging,ACTIVE
AST-CSE-041-094,CSE-041,Domain Controller (AD),LOW,Identity and Access Management,DR,ACTIVE
AST-CSE-041-095,CSE-041,Domain Controller (AD),LOW,Identity and Access Management,Staging,ACTIVE
AST-CSE-042-001,CSE-042,NextGen Firewall,CRITICAL,Perimeter Defense,Production,ACTIVE
AST-CSE-042-002,CSE-042,OT Engineering Workstation,CRITICAL,Substation Automation,Production,ACTIVE
AST-CSE-042-003,CSE-042,Relational Database Server,CRITICAL,Transactional Database,Production,ACTIVE
AST-CSE-042-004,CSE-042,SIEM Collector Node,CRITICAL,Telemetry Aggregation,Production,ACTIVE
AST-CSE-042-005,CSE-042,SCADA RTU / PLC,CRITICAL,Industrial Control Gateway,Production,ACTIVE
AST-CSE-042-006,CSE-042,SCADA RTU / PLC,CRITICAL,Industrial Control Gateway,Production,ACTIVE
AST-CSE-042-007,CSE-042,Domain Controller (AD),CRITICAL,Identity and Access Management,Production,ACTIVE
AST-CSE-042-008,CSE-042,SCADA RTU / PLC,CRITICAL,Industrial Control Gateway,Production,ACTIVE
AST-CSE-042-009,CSE-042,SIEM Collector Node,CRITICAL,Telemetry Aggregation,Production,ACTIVE
AST-CSE-042-010,CSE-042,SIEM Collector Node,CRITICAL,Telemetry Aggregation,Production,ACTIVE
AST-CSE-042-011,CSE-042,Core Banking Switch,CRITICAL,Payment Processing Engine,Production,ACTIVE
AST-CSE-042-012,CSE-042,Relational Database Server,CRITICAL,Transactional Database,Production,ACTIVE
AST-CSE-042-013,CSE-042,Relational Database Server,CRITICAL,Transactional Database,Production,ACTIVE
AST-CSE-042-014,CSE-042,SCADA RTU / PLC,CRITICAL,Industrial Control Gateway,Production,ACTIVE
AST-CSE-042-015,CSE-042,SCADA RTU / PLC,CRITICAL,Industrial Control Gateway,Production,ACTIVE
AST-CSE-042-016,CSE-042,OT Engineering Workstation,CRITICAL,Substation Automation,Production,ACTIVE
AST-CSE-042-017,CSE-042,NextGen Firewall,CRITICAL,Perimeter Defense,Production,ACTIVE
AST-CSE-042-018,CSE-042,Relational Database Server,CRITICAL,Transactional Database,Production,ACTIVE
AST-CSE-042-019,CSE-042,SIEM Collector Node,CRITICAL,Telemetry Aggregation,Production,ACTIVE
AST-CSE-042-020,CSE-042,SIEM Collector Node,CRITICAL,Telemetry Aggregation,Production,ACTIVE
AST-CSE-042-021,CSE-042,Domain Controller (AD),CRITICAL,Identity and Access Management,Production,ACTIVE
AST-CSE-042-022,CSE-042,NextGen Firewall,CRITICAL,Perimeter Defense,Production,ACTIVE
AST-CSE-042-023,CSE-042,Web Application Server,CRITICAL,Customer Portal,Production,ACTIVE
AST-CSE-042-024,CSE-042,Core Banking Switch,CRITICAL,Payment Processing Engine,Production,ACTIVE
AST-CSE-042-025,CSE-042,SIEM Collector Node,CRITICAL,Telemetry Aggregation,Production,ACTIVE
AST-CSE-042-026,CSE-042,NextGen Firewall,CRITICAL,Perimeter Defense,Production,ACTIVE
AST-CSE-042-027,CSE-042,SIEM Collector Node,CRITICAL,Telemetry Aggregation,Production,ACTIVE
AST-CSE-042-028,CSE-042,Core Banking Switch,CRITICAL,Payment Processing Engine,Production,ACTIVE
AST-CSE-042-029,CSE-042,NextGen Firewall,CRITICAL,Perimeter Defense,Production,ACTIVE
AST-CSE-042-030,CSE-042,SCADA RTU / PLC,CRITICAL,Industrial Control Gateway,Production,ACTIVE
AST-CSE-042-031,CSE-042,Domain Controller (AD),HIGH,Identity and Access Management,Production,ACTIVE
AST-CSE-042-032,CSE-042,Relational Database Server,HIGH,Transactional Database,Production,ACTIVE
AST-CSE-042-033,CSE-042,SCADA RTU / PLC,HIGH,Industrial Control Gateway,Production,ACTIVE
AST-CSE-042-034,CSE-042,SIEM Collector Node,HIGH,Telemetry Aggregation,Production,ACTIVE
AST-CSE-042-035,CSE-042,SCADA RTU / PLC,HIGH,Industrial Control Gateway,Production,ACTIVE
AST-CSE-042-036,CSE-042,SCADA RTU / PLC,HIGH,Industrial Control Gateway,Production,ACTIVE
AST-CSE-042-037,CSE-042,OT Engineering Workstation,HIGH,Substation Automation,Production,ACTIVE
AST-CSE-042-038,CSE-042,Core Banking Switch,HIGH,Payment Processing Engine,Production,ACTIVE
AST-CSE-042-039,CSE-042,Core Banking Switch,HIGH,Payment Processing Engine,Production,ACTIVE
AST-CSE-042-040,CSE-042,Core Banking Switch,HIGH,Payment Processing Engine,Production,ACTIVE
AST-CSE-042-041,CSE-042,Web Application Server,HIGH,Customer Portal,Production,ACTIVE
AST-CSE-042-042,CSE-042,SCADA RTU / PLC,HIGH,Industrial Control Gateway,Production,ACTIVE
AST-CSE-042-043,CSE-042,Domain Controller (AD),HIGH,Identity and Access Management,Production,ACTIVE
AST-CSE-042-044,CSE-042,NextGen Firewall,HIGH,Perimeter Defense,Production,ACTIVE
AST-CSE-042-045,CSE-042,Domain Controller (AD),HIGH,Identity and Access Management,Production,ACTIVE
AST-CSE-042-046,CSE-042,Relational Database Server,HIGH,Transactional Database,Production,ACTIVE
AST-CSE-042-047,CSE-042,SCADA RTU / PLC,HIGH,Industrial Control Gateway,Production,ACTIVE
AST-CSE-042-048,CSE-042,Relational Database Server,HIGH,Transactional Database,Production,ACTIVE
AST-CSE-042-049,CSE-042,NextGen Firewall,HIGH,Perimeter Defense,Production,ACTIVE
AST-CSE-042-050,CSE-042,SCADA RTU / PLC,HIGH,Industrial Control Gateway,Production,ACTIVE
AST-CSE-042-051,CSE-042,OT Engineering Workstation,HIGH,Substation Automation,Production,ACTIVE
AST-CSE-042-052,CSE-042,SCADA RTU / PLC,HIGH,Industrial Control Gateway,Production,ACTIVE
AST-CSE-042-053,CSE-042,NextGen Firewall,HIGH,Perimeter Defense,Production,ACTIVE
AST-CSE-042-054,CSE-042,Relational Database Server,HIGH,Transactional Database,Production,ACTIVE
AST-CSE-042-055,CSE-042,Domain Controller (AD),HIGH,Identity and Access Management,Production,ACTIVE
AST-CSE-042-056,CSE-042,Web Application Server,HIGH,Customer Portal,Production,ACTIVE
AST-CSE-042-057,CSE-042,Domain Controller (AD),HIGH,Identity and Access Management,Production,ACTIVE
AST-CSE-042-058,CSE-042,Relational Database Server,HIGH,Transactional Database,Production,ACTIVE
AST-CSE-042-059,CSE-042,OT Engineering Workstation,HIGH,Substation Automation,Production,ACTIVE
AST-CSE-042-060,CSE-042,OT Engineering Workstation,HIGH,Substation Automation,Production,ACTIVE
AST-CSE-042-061,CSE-042,OT Engineering Workstation,HIGH,Substation Automation,Production,ACTIVE
AST-CSE-042-062,CSE-042,Domain Controller (AD),HIGH,Identity and Access Management,Production,ACTIVE
AST-CSE-042-063,CSE-042,SIEM Collector Node,HIGH,Telemetry Aggregation,Production,ACTIVE
AST-CSE-042-064,CSE-042,OT Engineering Workstation,HIGH,Substation Automation,Production,ACTIVE
AST-CSE-042-065,CSE-042,OT Engineering Workstation,HIGH,Substation Automation,Production,ACTIVE
AST-CSE-042-066,CSE-042,Core Banking Switch,HIGH,Payment Processing Engine,Production,ACTIVE
AST-CSE-042-067,CSE-042,Relational Database Server,HIGH,Transactional Database,Production,ACTIVE
AST-CSE-042-068,CSE-042,Relational Database Server,HIGH,Transactional Database,Production,ACTIVE
AST-CSE-042-069,CSE-042,SIEM Collector Node,HIGH,Telemetry Aggregation,Production,ACTIVE
AST-CSE-042-070,CSE-042,SIEM Collector Node,HIGH,Telemetry Aggregation,Production,ACTIVE
AST-CSE-042-071,CSE-042,SCADA RTU / PLC,LOW,Industrial Control Gateway,DR,ACTIVE
AST-CSE-042-072,CSE-042,Domain Controller (AD),MEDIUM,Identity and Access Management,DR,ACTIVE
AST-CSE-042-073,CSE-042,Relational Database Server,LOW,Transactional Database,Production,ACTIVE
AST-CSE-042-074,CSE-042,Core Banking Switch,LOW,Payment Processing Engine,Production,ACTIVE
AST-CSE-042-075,CSE-042,Domain Controller (AD),MEDIUM,Identity and Access Management,Staging,ACTIVE
AST-CSE-042-076,CSE-042,NextGen Firewall,LOW,Perimeter Defense,Staging,ACTIVE
AST-CSE-042-077,CSE-042,SIEM Collector Node,LOW,Telemetry Aggregation,Production,ACTIVE
AST-CSE-042-078,CSE-042,Domain Controller (AD),LOW,Identity and Access Management,DR,ACTIVE
AST-CSE-042-079,CSE-042,Domain Controller (AD),MEDIUM,Identity and Access Management,Production,ACTIVE
AST-CSE-042-080,CSE-042,SCADA RTU / PLC,MEDIUM,Industrial Control Gateway,Production,ACTIVE
AST-CSE-042-081,CSE-042,SIEM Collector Node,MEDIUM,Telemetry Aggregation,DR,ACTIVE
AST-CSE-042-082,CSE-042,Core Banking Switch,MEDIUM,Payment Processing Engine,Production,ACTIVE
AST-CSE-042-083,CSE-042,Domain Controller (AD),MEDIUM,Identity and Access Management,DR,ACTIVE
AST-CSE-042-084,CSE-042,SIEM Collector Node,LOW,Telemetry Aggregation,DR,ACTIVE
AST-CSE-042-085,CSE-042,SCADA RTU / PLC,LOW,Industrial Control Gateway,Production,ACTIVE
AST-CSE-042-086,CSE-042,NextGen Firewall,LOW,Perimeter Defense,Production,ACTIVE
AST-CSE-042-087,CSE-042,Web Application Server,LOW,Customer Portal,Staging,ACTIVE
AST-CSE-042-088,CSE-042,Core Banking Switch,MEDIUM,Payment Processing Engine,Staging,ACTIVE
AST-CSE-042-089,CSE-042,Core Banking Switch,MEDIUM,Payment Processing Engine,Staging,ACTIVE
AST-CSE-042-090,CSE-042,Domain Controller (AD),LOW,Identity and Access Management,DR,ACTIVE
AST-CSE-042-091,CSE-042,Relational Database Server,LOW,Transactional Database,Production,ACTIVE
AST-CSE-042-092,CSE-042,Domain Controller (AD),MEDIUM,Identity and Access Management,Staging,ACTIVE
AST-CSE-042-093,CSE-042,Core Banking Switch,LOW,Payment Processing Engine,Production,ACTIVE
AST-CSE-042-094,CSE-042,Relational Database Server,MEDIUM,Transactional Database,Staging,ACTIVE
AST-CSE-042-095,CSE-042,OT Engineering Workstation,MEDIUM,Substation Automation,Staging,ACTIVE
AST-CSE-042-096,CSE-042,SCADA RTU / PLC,MEDIUM,Industrial Control Gateway,DR,ACTIVE
AST-CSE-042-097,CSE-042,Web Application Server,MEDIUM,Customer Portal,Staging,ACTIVE
AST-CSE-042-098,CSE-042,Core Banking Switch,LOW,Payment Processing Engine,Staging,ACTIVE
AST-CSE-042-099,CSE-042,Core Banking Switch,MEDIUM,Payment Processing Engine,Production,ACTIVE
AST-CSE-042-100,CSE-042,Relational Database Server,LOW,Transactional Database,Staging,ACTIVE
AST-CSE-042-101,CSE-042,Domain Controller (AD),LOW,Identity and Access Management,Production,ACTIVE
AST-CSE-042-102,CSE-042,SCADA RTU / PLC,LOW,Industrial Control Gateway,DR,ACTIVE
AST-CSE-042-103,CSE-042,Relational Database Server,LOW,Transactional Database,Production,ACTIVE
AST-CSE-042-104,CSE-042,OT Engineering Workstation,MEDIUM,Substation Automation,DR,ACTIVE
AST-CSE-042-105,CSE-042,Core Banking Switch,LOW,Payment Processing Engine,Staging,ACTIVE
AST-CSE-042-106,CSE-042,OT Engineering Workstation,LOW,Substation Automation,Staging,ACTIVE
AST-CSE-042-107,CSE-042,Web Application Server,LOW,Customer Portal,Production,ACTIVE
AST-CSE-042-108,CSE-042,Domain Controller (AD),MEDIUM,Identity and Access Management,DR,ACTIVE
AST-CSE-043-001,CSE-043,NextGen Firewall,CRITICAL,Perimeter Defense,Production,ACTIVE
AST-CSE-043-002,CSE-043,SIEM Collector Node,CRITICAL,Telemetry Aggregation,Production,ACTIVE
AST-CSE-043-003,CSE-043,Domain Controller (AD),CRITICAL,Identity and Access Management,Production,ACTIVE
AST-CSE-043-004,CSE-043,SCADA RTU / PLC,CRITICAL,Industrial Control Gateway,Production,ACTIVE
AST-CSE-043-005,CSE-043,Core Banking Switch,CRITICAL,Payment Processing Engine,Production,ACTIVE
AST-CSE-043-006,CSE-043,Domain Controller (AD),CRITICAL,Identity and Access Management,Production,ACTIVE
AST-CSE-043-007,CSE-043,SIEM Collector Node,CRITICAL,Telemetry Aggregation,Production,ACTIVE
AST-CSE-043-008,CSE-043,Domain Controller (AD),CRITICAL,Identity and Access Management,Production,ACTIVE
AST-CSE-043-009,CSE-043,Core Banking Switch,CRITICAL,Payment Processing Engine,Production,ACTIVE
AST-CSE-043-010,CSE-043,Relational Database Server,CRITICAL,Transactional Database,Production,ACTIVE
AST-CSE-043-011,CSE-043,Domain Controller (AD),CRITICAL,Identity and Access Management,Production,ACTIVE
AST-CSE-043-012,CSE-043,Web Application Server,CRITICAL,Customer Portal,Production,ACTIVE
AST-CSE-043-013,CSE-043,SCADA RTU / PLC,CRITICAL,Industrial Control Gateway,Production,ACTIVE
AST-CSE-043-014,CSE-043,Relational Database Server,CRITICAL,Transactional Database,Production,ACTIVE
AST-CSE-043-015,CSE-043,SIEM Collector Node,CRITICAL,Telemetry Aggregation,Production,ACTIVE
AST-CSE-043-016,CSE-043,SCADA RTU / PLC,CRITICAL,Industrial Control Gateway,Production,ACTIVE
AST-CSE-043-017,CSE-043,SIEM Collector Node,CRITICAL,Telemetry Aggregation,Production,ACTIVE
AST-CSE-043-018,CSE-043,Core Banking Switch,CRITICAL,Payment Processing Engine,Production,ACTIVE
AST-CSE-043-019,CSE-043,SIEM Collector Node,CRITICAL,Telemetry Aggregation,Production,ACTIVE
AST-CSE-043-020,CSE-043,SCADA RTU / PLC,CRITICAL,Industrial Control Gateway,Production,ACTIVE
AST-CSE-043-021,CSE-043,NextGen Firewall,CRITICAL,Perimeter Defense,Production,ACTIVE
AST-CSE-043-022,CSE-043,Core Banking Switch,CRITICAL,Payment Processing Engine,Production,ACTIVE
AST-CSE-043-023,CSE-043,SIEM Collector Node,CRITICAL,Telemetry Aggregation,Production,ACTIVE
AST-CSE-043-024,CSE-043,NextGen Firewall,HIGH,Perimeter Defense,Production,ACTIVE
AST-CSE-043-025,CSE-043,Domain Controller (AD),HIGH,Identity and Access Management,Production,ACTIVE
AST-CSE-043-026,CSE-043,Web Application Server,HIGH,Customer Portal,Production,ACTIVE
AST-CSE-043-027,CSE-043,Web Application Server,HIGH,Customer Portal,Production,ACTIVE
AST-CSE-043-028,CSE-043,Web Application Server,HIGH,Customer Portal,Production,ACTIVE
AST-CSE-043-029,CSE-043,Domain Controller (AD),HIGH,Identity and Access Management,Production,ACTIVE
AST-CSE-043-030,CSE-043,OT Engineering Workstation,HIGH,Substation Automation,Production,ACTIVE
AST-CSE-043-031,CSE-043,SIEM Collector Node,HIGH,Telemetry Aggregation,Production,ACTIVE
AST-CSE-043-032,CSE-043,SIEM Collector Node,HIGH,Telemetry Aggregation,Production,ACTIVE
AST-CSE-043-033,CSE-043,Core Banking Switch,HIGH,Payment Processing Engine,Production,ACTIVE
AST-CSE-043-034,CSE-043,Domain Controller (AD),HIGH,Identity and Access Management,Production,ACTIVE
AST-CSE-043-035,CSE-043,Web Application Server,HIGH,Customer Portal,Production,ACTIVE
AST-CSE-043-036,CSE-043,SIEM Collector Node,HIGH,Telemetry Aggregation,Production,ACTIVE
AST-CSE-043-037,CSE-043,Relational Database Server,HIGH,Transactional Database,Production,ACTIVE
AST-CSE-043-038,CSE-043,NextGen Firewall,HIGH,Perimeter Defense,Production,ACTIVE
AST-CSE-043-039,CSE-043,Domain Controller (AD),HIGH,Identity and Access Management,Production,ACTIVE
AST-CSE-043-040,CSE-043,Domain Controller (AD),HIGH,Identity and Access Management,Production,ACTIVE
AST-CSE-043-041,CSE-043,Relational Database Server,HIGH,Transactional Database,Production,ACTIVE
AST-CSE-043-042,CSE-043,SIEM Collector Node,HIGH,Telemetry Aggregation,Production,ACTIVE
AST-CSE-043-043,CSE-043,Core Banking Switch,HIGH,Payment Processing Engine,Production,ACTIVE
AST-CSE-043-044,CSE-043,SIEM Collector Node,HIGH,Telemetry Aggregation,Production,ACTIVE
AST-CSE-043-045,CSE-043,Core Banking Switch,HIGH,Payment Processing Engine,Production,ACTIVE
AST-CSE-043-046,CSE-043,SCADA RTU / PLC,HIGH,Industrial Control Gateway,Production,ACTIVE
AST-CSE-043-047,CSE-043,SCADA RTU / PLC,HIGH,Industrial Control Gateway,Production,ACTIVE
AST-CSE-043-048,CSE-043,Core Banking Switch,HIGH,Payment Processing Engine,Production,ACTIVE
AST-CSE-043-049,CSE-043,Core Banking Switch,HIGH,Payment Processing Engine,Production,ACTIVE
AST-CSE-043-050,CSE-043,SCADA RTU / PLC,HIGH,Industrial Control Gateway,Production,ACTIVE
AST-CSE-043-051,CSE-043,SCADA RTU / PLC,HIGH,Industrial Control Gateway,Production,ACTIVE
AST-CSE-043-052,CSE-043,Core Banking Switch,HIGH,Payment Processing Engine,Production,ACTIVE
AST-CSE-043-053,CSE-043,NextGen Firewall,HIGH,Perimeter Defense,Production,ACTIVE
AST-CSE-043-054,CSE-043,OT Engineering Workstation,HIGH,Substation Automation,Production,ACTIVE
AST-CSE-043-055,CSE-043,SIEM Collector Node,MEDIUM,Telemetry Aggregation,Production,ACTIVE
AST-CSE-043-056,CSE-043,Relational Database Server,LOW,Transactional Database,Staging,ACTIVE
AST-CSE-043-057,CSE-043,SCADA RTU / PLC,MEDIUM,Industrial Control Gateway,Staging,ACTIVE
AST-CSE-043-058,CSE-043,Relational Database Server,MEDIUM,Transactional Database,Production,ACTIVE
AST-CSE-043-059,CSE-043,OT Engineering Workstation,MEDIUM,Substation Automation,DR,ACTIVE
AST-CSE-043-060,CSE-043,Web Application Server,MEDIUM,Customer Portal,DR,ACTIVE
AST-CSE-043-061,CSE-043,SIEM Collector Node,LOW,Telemetry Aggregation,Staging,ACTIVE
AST-CSE-043-062,CSE-043,OT Engineering Workstation,MEDIUM,Substation Automation,Production,ACTIVE
AST-CSE-043-063,CSE-043,Relational Database Server,MEDIUM,Transactional Database,DR,ACTIVE
AST-CSE-043-064,CSE-043,Core Banking Switch,MEDIUM,Payment Processing Engine,Staging,ACTIVE
AST-CSE-043-065,CSE-043,OT Engineering Workstation,LOW,Substation Automation,Staging,ACTIVE
AST-CSE-043-066,CSE-043,SIEM Collector Node,MEDIUM,Telemetry Aggregation,Staging,ACTIVE
AST-CSE-043-067,CSE-043,NextGen Firewall,MEDIUM,Perimeter Defense,DR,ACTIVE
AST-CSE-043-068,CSE-043,OT Engineering Workstation,LOW,Substation Automation,Staging,ACTIVE
AST-CSE-043-069,CSE-043,Web Application Server,LOW,Customer Portal,Staging,ACTIVE
AST-CSE-043-070,CSE-043,SIEM Collector Node,LOW,Telemetry Aggregation,DR,ACTIVE
AST-CSE-043-071,CSE-043,OT Engineering Workstation,MEDIUM,Substation Automation,Production,ACTIVE
AST-CSE-043-072,CSE-043,Domain Controller (AD),LOW,Identity and Access Management,DR,ACTIVE
AST-CSE-043-073,CSE-043,Core Banking Switch,MEDIUM,Payment Processing Engine,Staging,ACTIVE
AST-CSE-043-074,CSE-043,Web Application Server,MEDIUM,Customer Portal,Production,ACTIVE
AST-CSE-043-075,CSE-043,Core Banking Switch,LOW,Payment Processing Engine,Staging,ACTIVE
AST-CSE-043-076,CSE-043,SIEM Collector Node,LOW,Telemetry Aggregation,Staging,ACTIVE
AST-CSE-043-077,CSE-043,Domain Controller (AD),MEDIUM,Identity and Access Management,Staging,ACTIVE
AST-CSE-043-078,CSE-043,NextGen Firewall,MEDIUM,Perimeter Defense,Staging,ACTIVE
AST-CSE-043-079,CSE-043,NextGen Firewall,LOW,Perimeter Defense,Production,ACTIVE
AST-CSE-043-080,CSE-043,OT Engineering Workstation,MEDIUM,Substation Automation,Staging,ACTIVE
AST-CSE-043-081,CSE-043,Web Application Server,MEDIUM,Customer Portal,DR,ACTIVE
AST-CSE-043-082,CSE-043,NextGen Firewall,LOW,Perimeter Defense,Staging,ACTIVE
AST-CSE-043-083,CSE-043,OT Engineering Workstation,MEDIUM,Substation Automation,DR,ACTIVE
AST-CSE-043-084,CSE-043,Core Banking Switch,LOW,Payment Processing Engine,Production,ACTIVE
AST-CSE-044-001,CSE-044,SIEM Collector Node,CRITICAL,Telemetry Aggregation,Production,ACTIVE
AST-CSE-044-002,CSE-044,Web Application Server,CRITICAL,Customer Portal,Production,ACTIVE
AST-CSE-044-003,CSE-044,OT Engineering Workstation,CRITICAL,Substation Automation,Production,ACTIVE
AST-CSE-044-004,CSE-044,NextGen Firewall,CRITICAL,Perimeter Defense,Production,ACTIVE
AST-CSE-044-005,CSE-044,SIEM Collector Node,CRITICAL,Telemetry Aggregation,Production,ACTIVE
AST-CSE-044-006,CSE-044,Web Application Server,CRITICAL,Customer Portal,Production,ACTIVE
AST-CSE-044-007,CSE-044,OT Engineering Workstation,CRITICAL,Substation Automation,Production,ACTIVE
AST-CSE-044-008,CSE-044,OT Engineering Workstation,CRITICAL,Substation Automation,Production,ACTIVE
AST-CSE-044-009,CSE-044,Relational Database Server,CRITICAL,Transactional Database,Production,ACTIVE
AST-CSE-044-010,CSE-044,Relational Database Server,CRITICAL,Transactional Database,Production,ACTIVE
AST-CSE-044-011,CSE-044,SCADA RTU / PLC,CRITICAL,Industrial Control Gateway,Production,ACTIVE
AST-CSE-044-012,CSE-044,Relational Database Server,CRITICAL,Transactional Database,Production,ACTIVE
AST-CSE-044-013,CSE-044,SCADA RTU / PLC,CRITICAL,Industrial Control Gateway,Production,ACTIVE
AST-CSE-044-014,CSE-044,SIEM Collector Node,CRITICAL,Telemetry Aggregation,Production,ACTIVE
AST-CSE-044-015,CSE-044,Relational Database Server,CRITICAL,Transactional Database,Production,ACTIVE
AST-CSE-044-016,CSE-044,Domain Controller (AD),CRITICAL,Identity and Access Management,Production,ACTIVE
AST-CSE-044-017,CSE-044,NextGen Firewall,HIGH,Perimeter Defense,Production,ACTIVE
AST-CSE-044-018,CSE-044,OT Engineering Workstation,HIGH,Substation Automation,Production,ACTIVE
AST-CSE-044-019,CSE-044,OT Engineering Workstation,HIGH,Substation Automation,Production,ACTIVE
AST-CSE-044-020,CSE-044,Domain Controller (AD),HIGH,Identity and Access Management,Production,ACTIVE
AST-CSE-044-021,CSE-044,Relational Database Server,HIGH,Transactional Database,Production,ACTIVE
AST-CSE-044-022,CSE-044,SIEM Collector Node,HIGH,Telemetry Aggregation,Production,ACTIVE
AST-CSE-044-023,CSE-044,SIEM Collector Node,HIGH,Telemetry Aggregation,Production,ACTIVE
AST-CSE-044-024,CSE-044,Domain Controller (AD),HIGH,Identity and Access Management,Production,ACTIVE
AST-CSE-044-025,CSE-044,NextGen Firewall,HIGH,Perimeter Defense,Production,ACTIVE
AST-CSE-044-026,CSE-044,NextGen Firewall,HIGH,Perimeter Defense,Production,ACTIVE
AST-CSE-044-027,CSE-044,Relational Database Server,HIGH,Transactional Database,Production,ACTIVE
AST-CSE-044-028,CSE-044,NextGen Firewall,HIGH,Perimeter Defense,Production,ACTIVE
AST-CSE-044-029,CSE-044,Web Application Server,HIGH,Customer Portal,Production,ACTIVE
AST-CSE-044-030,CSE-044,Core Banking Switch,HIGH,Payment Processing Engine,Production,ACTIVE
AST-CSE-044-031,CSE-044,Relational Database Server,HIGH,Transactional Database,Production,ACTIVE
AST-CSE-044-032,CSE-044,SIEM Collector Node,HIGH,Telemetry Aggregation,Production,ACTIVE
AST-CSE-044-033,CSE-044,Web Application Server,HIGH,Customer Portal,Production,ACTIVE
AST-CSE-044-034,CSE-044,SIEM Collector Node,HIGH,Telemetry Aggregation,Production,ACTIVE
AST-CSE-044-035,CSE-044,SCADA RTU / PLC,HIGH,Industrial Control Gateway,Production,ACTIVE
AST-CSE-044-036,CSE-044,Web Application Server,HIGH,Customer Portal,Production,ACTIVE
AST-CSE-044-037,CSE-044,OT Engineering Workstation,HIGH,Substation Automation,Production,ACTIVE
AST-CSE-044-038,CSE-044,Web Application Server,HIGH,Customer Portal,Production,ACTIVE
AST-CSE-044-039,CSE-044,SIEM Collector Node,LOW,Telemetry Aggregation,DR,ACTIVE
AST-CSE-044-040,CSE-044,Web Application Server,MEDIUM,Customer Portal,Staging,ACTIVE
AST-CSE-044-041,CSE-044,OT Engineering Workstation,MEDIUM,Substation Automation,Production,ACTIVE
AST-CSE-044-042,CSE-044,NextGen Firewall,LOW,Perimeter Defense,Staging,ACTIVE
AST-CSE-044-043,CSE-044,Core Banking Switch,LOW,Payment Processing Engine,Staging,ACTIVE
AST-CSE-044-044,CSE-044,Domain Controller (AD),MEDIUM,Identity and Access Management,Staging,ACTIVE
AST-CSE-044-045,CSE-044,SCADA RTU / PLC,MEDIUM,Industrial Control Gateway,Production,ACTIVE
AST-CSE-044-046,CSE-044,NextGen Firewall,MEDIUM,Perimeter Defense,Production,ACTIVE
AST-CSE-044-047,CSE-044,OT Engineering Workstation,MEDIUM,Substation Automation,Staging,ACTIVE
AST-CSE-044-048,CSE-044,Domain Controller (AD),MEDIUM,Identity and Access Management,Production,ACTIVE
AST-CSE-044-049,CSE-044,Relational Database Server,MEDIUM,Transactional Database,Staging,ACTIVE
AST-CSE-044-050,CSE-044,SCADA RTU / PLC,MEDIUM,Industrial Control Gateway,DR,ACTIVE
AST-CSE-044-051,CSE-044,Core Banking Switch,LOW,Payment Processing Engine,DR,ACTIVE
AST-CSE-044-052,CSE-044,Relational Database Server,MEDIUM,Transactional Database,Staging,ACTIVE
AST-CSE-044-053,CSE-044,OT Engineering Workstation,LOW,Substation Automation,DR,ACTIVE
AST-CSE-044-054,CSE-044,SCADA RTU / PLC,LOW,Industrial Control Gateway,Production,ACTIVE
AST-CSE-044-055,CSE-044,NextGen Firewall,LOW,Perimeter Defense,Staging,ACTIVE
AST-CSE-044-056,CSE-044,SIEM Collector Node,LOW,Telemetry Aggregation,Production,ACTIVE
AST-CSE-044-057,CSE-044,Relational Database Server,MEDIUM,Transactional Database,Staging,ACTIVE
AST-CSE-044-058,CSE-044,NextGen Firewall,MEDIUM,Perimeter Defense,Staging,ACTIVE
AST-CSE-044-059,CSE-044,SIEM Collector Node,LOW,Telemetry Aggregation,DR,ACTIVE
AST-CSE-045-001,CSE-045,NextGen Firewall,CRITICAL,Perimeter Defense,Production,ACTIVE
AST-CSE-045-002,CSE-045,OT Engineering Workstation,CRITICAL,Substation Automation,Production,ACTIVE
AST-CSE-045-003,CSE-045,Core Banking Switch,CRITICAL,Payment Processing Engine,Production,ACTIVE
AST-CSE-045-004,CSE-045,Core Banking Switch,CRITICAL,Payment Processing Engine,Production,ACTIVE
AST-CSE-045-005,CSE-045,Relational Database Server,CRITICAL,Transactional Database,Production,ACTIVE
AST-CSE-045-006,CSE-045,Relational Database Server,CRITICAL,Transactional Database,Production,ACTIVE
AST-CSE-045-007,CSE-045,Core Banking Switch,CRITICAL,Payment Processing Engine,Production,ACTIVE
AST-CSE-045-008,CSE-045,Domain Controller (AD),CRITICAL,Identity and Access Management,Production,ACTIVE
AST-CSE-045-009,CSE-045,SIEM Collector Node,CRITICAL,Telemetry Aggregation,Production,ACTIVE
AST-CSE-045-010,CSE-045,OT Engineering Workstation,CRITICAL,Substation Automation,Production,ACTIVE
AST-CSE-045-011,CSE-045,OT Engineering Workstation,CRITICAL,Substation Automation,Production,ACTIVE
AST-CSE-045-012,CSE-045,NextGen Firewall,CRITICAL,Perimeter Defense,Production,ACTIVE
AST-CSE-045-013,CSE-045,Relational Database Server,HIGH,Transactional Database,Production,ACTIVE
AST-CSE-045-014,CSE-045,OT Engineering Workstation,HIGH,Substation Automation,Production,ACTIVE
AST-CSE-045-015,CSE-045,SIEM Collector Node,HIGH,Telemetry Aggregation,Production,ACTIVE
AST-CSE-045-016,CSE-045,SIEM Collector Node,HIGH,Telemetry Aggregation,Production,ACTIVE
AST-CSE-045-017,CSE-045,NextGen Firewall,HIGH,Perimeter Defense,Production,ACTIVE
AST-CSE-045-018,CSE-045,Domain Controller (AD),HIGH,Identity and Access Management,Production,ACTIVE
AST-CSE-045-019,CSE-045,Web Application Server,HIGH,Customer Portal,Production,ACTIVE
AST-CSE-045-020,CSE-045,SCADA RTU / PLC,HIGH,Industrial Control Gateway,Production,ACTIVE
AST-CSE-045-021,CSE-045,SIEM Collector Node,HIGH,Telemetry Aggregation,Production,ACTIVE
AST-CSE-045-022,CSE-045,Web Application Server,HIGH,Customer Portal,Production,ACTIVE
AST-CSE-045-023,CSE-045,Core Banking Switch,HIGH,Payment Processing Engine,Production,ACTIVE
AST-CSE-045-024,CSE-045,Relational Database Server,HIGH,Transactional Database,Production,ACTIVE
AST-CSE-045-025,CSE-045,OT Engineering Workstation,HIGH,Substation Automation,Production,ACTIVE
AST-CSE-045-026,CSE-045,NextGen Firewall,HIGH,Perimeter Defense,Production,ACTIVE
AST-CSE-045-027,CSE-045,Web Application Server,HIGH,Customer Portal,Production,ACTIVE
AST-CSE-045-028,CSE-045,Web Application Server,HIGH,Customer Portal,Production,ACTIVE
AST-CSE-045-029,CSE-045,SCADA RTU / PLC,HIGH,Industrial Control Gateway,Production,ACTIVE
AST-CSE-045-030,CSE-045,Web Application Server,LOW,Customer Portal,Staging,ACTIVE
AST-CSE-045-031,CSE-045,NextGen Firewall,LOW,Perimeter Defense,DR,ACTIVE
AST-CSE-045-032,CSE-045,OT Engineering Workstation,MEDIUM,Substation Automation,DR,ACTIVE
AST-CSE-045-033,CSE-045,Core Banking Switch,MEDIUM,Payment Processing Engine,DR,ACTIVE
AST-CSE-045-034,CSE-045,OT Engineering Workstation,LOW,Substation Automation,DR,ACTIVE
AST-CSE-045-035,CSE-045,Relational Database Server,MEDIUM,Transactional Database,Staging,ACTIVE
AST-CSE-045-036,CSE-045,SIEM Collector Node,LOW,Telemetry Aggregation,Production,ACTIVE
AST-CSE-045-037,CSE-045,SCADA RTU / PLC,MEDIUM,Industrial Control Gateway,Staging,ACTIVE
AST-CSE-045-038,CSE-045,OT Engineering Workstation,LOW,Substation Automation,Production,ACTIVE
AST-CSE-045-039,CSE-045,Web Application Server,MEDIUM,Customer Portal,DR,ACTIVE
AST-CSE-045-040,CSE-045,SCADA RTU / PLC,MEDIUM,Industrial Control Gateway,Staging,ACTIVE
AST-CSE-045-041,CSE-045,Relational Database Server,MEDIUM,Transactional Database,Staging,ACTIVE
AST-CSE-045-042,CSE-045,OT Engineering Workstation,LOW,Substation Automation,DR,ACTIVE
AST-CSE-045-043,CSE-045,Core Banking Switch,MEDIUM,Payment Processing Engine,Staging,ACTIVE
AST-CSE-045-044,CSE-045,Core Banking Switch,MEDIUM,Payment Processing Engine,DR,ACTIVE
AST-CSE-045-045,CSE-045,Core Banking Switch,LOW,Payment Processing Engine,Production,ACTIVE
